country,calendar_year,exports_1k_bags,exports_kg,exports_lb
Angola,1990.0,84.35,5061000.0,11157595.08918285
Bolivia (Plurinational State of),1990.0,156.442,9386520.0,20693734.33244746
Brazil,1990.0,16935.7876003,1016147256.0179999,2240221227.748086
Burundi,1990.0,584.773,35086380.0,77352227.0668254
Cameroon,1990.0,2611.2590004,156675540.024,345410439.8274755
Central African Republic,1990.0,196.698,11801880.0,26018691.62835908
Colombia,1990.0,13943.8700004,836632200.0239999,1844458274.3410444
Congo,1990.0,1.68,100800.0,222225.96028248
Costa Rica,1990.0,2265.644,135938640.0,299693400.9275233
Côte d'Ivoire,1990.0,4282.8659998,256971959.98800004,566526196.1706779
Cuba,1990.0,181.7789999,10906739.993999999,24045245.72140853
Democratic Republic of Congo,1990.0,1838.636,110318160.0,243209911.1368678
Dominican Republic,1990.0,535.207,32112420.0,70795767.57434838
Ecuador,1990.0,1783.7159997,107022959.98200001,235945238.6336645
El Salvador,1990.0,2509.873,150592380.0,331999367.6262315
Equatorial Guinea,1990.0,7.068,424080.0,934936.361474148
Ethiopia,1990.0,1074.101,64446060.0,142079241.76510242
Gabon,1990.0,2.314,138840.0,306089.804817654
Ghana,1990.0,10.865,651900.0,1437193.487184015
Guatemala,1990.0,3240.141,194408460.0,428597288.7950209
Guinea,1990.0,121.696,7301760.0,16097625.275319457
Guyana,1990.0,0.1999992,11999.952,26455.36564031415
Haiti,1990.0,191.445,11486700.0,25323838.670404397
Honduras,1990.0,1735.093,104105580.0,229513516.72881493
India,1990.0,1979.1479994,118748879.96399999,261796467.0879846
Indonesia,1990.0,6903.2269994,414193619.964,913140624.3985761
Jamaica,1990.0,14.9839996,899039.976,1982043.8690370813
Kenya,1990.0,1969.338,118160280.0,260498826.2921301
Lao People's Democratic Republic,1990.0,98.3329992,5899979.9520000005,13007229.270640679
Liberia,1990.0,22.411,1344660.0,2964467.854696821
Madagascar,1990.0,863.0399999,51782399.994,114160650.44045772
Malawi,1990.0,124.154,7449240.0,16422763.019589894
Mexico,1990.0,3683.1040021,220986240.126,487191264.09935576
Nepal,1990.0,0.0,0.0,0.0
Nicaragua,1990.0,671.1839999,40271039.994,88782445.77619849
Nigeria,1990.0,3.582,214920.0,473817.493888002
Panama,1990.0,131.654,7899240.0,17414843.199422393
Papua New Guinea,1990.0,1050.719,63043140.0,138986332.59645662
Paraguay,1990.0,262.5019999,15750119.993999999,34723070.83562438
Peru,1990.0,1105.078,66304680.0,146176797.46252525
Philippines,1990.0,168.282001,10096920.06,22259898.37528706
Rwanda,1990.0,779.15,46749000.0,103063902.94886565
Sierra Leone,1990.0,139.744,8384640.0,18484967.020068385
Sri Lanka,1990.0,19.137,1148220.0,2531391.786860607
Tanzania,1990.0,1019.0519998,61143119.988,134797505.4960337
Thailand,1990.0,1001.4349995,60086099.97,132467175.2526026
Timor-Leste,1990.0,0.0,0.0,0.0
Togo,1990.0,238.838,14330280.0,31592859.465444617
Trinidad & Tobago,1990.0,30.2319997,1813919.982,3999009.026542945
Uganda,1990.0,2352.68,141160800.0,311206292.9984435
Venezuela,1990.0,277.795,16667700.0,36745988.47420925
Viet Nam,1990.0,1145.2340014,68714040.08399999,151488527.20789406
Yemen,1990.0,50.0000002,3000000.012,6613867.8920054715
Zambia,1990.0,24.36,1461600.0,3222276.42409596
Zimbabwe,1990.0,250.772,15046320.0,33171457.44759409
Angola,1991.0,70.501,4230060.0,9325685.96778281
Bolivia (Plurinational State of),1991.0,73.523,4411380.0,9725428.141576653
Brazil,1991.0,21182.7614023,1270965684.138,2801999698.8456964
Burundi,1991.0,687.851,41271060.0,90987112.50372866
Cameroon,1991.0,1752.1790001,105130740.00599998,231773607.66905838
Central African Republic,1991.0,140.95,8457000.0,18644493.51298545
Colombia,1991.0,12599.1849983,755951099.898,1666586895.84752
Congo,1991.0,0.924,55440.0,122224.278155364
Costa Rica,1991.0,2399.6400001,143978400.006,317418037.7109958
Côte d'Ivoire,1991.0,3804.734001,228284040.05999997,503280158.92358756
Cuba,1991.0,121.429,7285740.0,16062307.220917419
Democratic Republic of Congo,1991.0,1417.957,85077420.0,187563604.74063364
Dominican Republic,1991.0,476.2630001,28575780.006,62998811.03823653
Ecuador,1991.0,1416.3839994,84983039.964,187355532.378217
El Salvador,1991.0,2148.2100002,128892600.01200001,284159541.7755188
Equatorial Guinea,1991.0,3.321,199260.0,439293.103629831
Ethiopia,1991.0,841.329,50479740.0,111288776.74910632
Gabon,1991.0,3.338,200280.0,441541.818704118
Ghana,1991.0,15.702,942120.0,2077019.064497322
Guatemala,1991.0,2831.9850001,169919100.00599998,374607491.75762004
Guinea,1991.0,61.447,3686820.0,8128046.774689017
Guyana,1991.0,0.4219976,25319.856,55820.727319584454
Haiti,1991.0,150.673,9040380.0,19930626.258120302
Honduras,1991.0,1444.363,86661780.0,191056520.6377879
India,1991.0,1727.3589994,103641539.96399999,228490483.5680052
Indonesia,1991.0,6170.7960001,370247760.006,816256587.3985173
Jamaica,1991.0,16.7049999,1002299.994,2209693.2406525193
Kenya,1991.0,1557.532,93451920.0,206026216.88731647
Lao People's Democratic Republic,1991.0,98.3329992,5899979.9520000005,13007229.270640679
Liberia,1991.0,0.0,0.0,0.0
Madagascar,1991.0,587.658,35259480.0,77733847.24266765
Malawi,1991.0,99.535,5972100.0,13166226.759950384
Mexico,1991.0,3530.8200019,211849200.114,467047538.992152
Nepal,1991.0,0.0,0.0,0.0
Nicaragua,1991.0,392.0529999,23523179.994,51859734.75262175
Nigeria,1991.0,0.922,55320.0,121959.723440742
Panama,1991.0,124.2,7452000.0,16428847.7780262
Papua New Guinea,1991.0,788.3529999,47301179.993999995,104281251.45497103
Paraguay,1991.0,120.0840001,7205040.005999999,15884394.188561859
Peru,1991.0,1041.8670001,62512020.006000005,137815413.44276738
Philippines,1991.0,103.0250002,6181500.012,13627874.763421247
Rwanda,1991.0,473.98,28438800.0,62696821.81826778
Sierra Leone,1991.0,103.821,6229260.0,13733167.513385331
Sri Lanka,1991.0,22.168,1330080.0,2932324.456870248
Tanzania,1991.0,871.3299987,52279799.922,115257229.57383306
Thailand,1991.0,540.937,32456220.0,71553716.83174041
Timor-Leste,1991.0,0.0,0.0,0.0
Togo,1991.0,154.834,9290040.0,20481032.341891374
Trinidad & Tobago,1991.0,7.6719977,460319.862,1014831.5810520703
Uganda,1991.0,2095.093,125705579.99999999,277133365.3607749
Venezuela,1991.0,127.889,7673340.0,16916818.94914648
Viet Nam,1991.0,1200.952,72057120.0,158858756.81736007
Yemen,1991.0,71.6669969,4300019.814,9479920.95634763
Zambia,1991.0,29.198,1751880.0,3862234.278766578
Zimbabwe,1991.0,239.324,14359440.0,31657146.261097763
Angola,1992.0,80.25,4815000.0,10615257.92420775
Bolivia (Plurinational State of),1992.0,96.2040001,5772240.006,12725610.89597518
Brazil,1992.0,18790.7192021,1127443152.1260002,2485586678.0268507
Burundi,1992.0,645.858,38751480.0,85432389.43816784
Cameroon,1992.0,1645.851,98751060.0,217708820.80766666
Central African Republic,1992.0,99.975,5998500.0,13224428.797167225
Colombia,1992.0,16564.3700008,993862200.0480001,2191091089.2274313
Congo,1992.0,0.336,20160.0,44445.192056496
Costa Rica,1992.0,2431.3400009,145880400.05400002,321611230.0435764
Côte d'Ivoire,1992.0,4546.3679999,272782079.99399996,601381544.3900687
Cuba,1992.0,162.71,9762600.0,21522848.80807281
Democratic Republic of Congo,1992.0,954.229,57253740.0,126222890.38951822
Dominican Republic,1992.0,369.4670007,22168020.042000003,48872118.46621739
Ecuador,1992.0,1273.4350006,76406100.036,168446616.5866997
El Salvador,1992.0,2120.0920003,127205520.01799999,280440167.0558758
Equatorial Guinea,1992.0,2.766,165960.0,365879.170322226
Ethiopia,1992.0,734.461,44067660.0,97152560.12799437
Gabon,1992.0,1.007,60419.99999999999,133203.29881217697
Ghana,1992.0,32.245,1934699.9999999998,4265283.386493195
Guatemala,1992.0,3327.9880003,199679280.018,440217457.8424035
Guinea,1992.0,57.52,3451200.0,7608593.59252872
Guyana,1992.0,0.538998,32339.879999999997,71297.23103591437
Haiti,1992.0,165.976,9958560.0,21954866.657050535
Honduras,1992.0,1960.071,117604260.0,259273012.0219291
India,1992.0,1816.3410004,108980460.024,240260787.50853
Indonesia,1992.0,4603.6959999,276221759.994,608964740.7299938
Jamaica,1992.0,22.4269995,1345619.9700000002,2966584.226275119
Kenya,1992.0,1384.291,83057460.0,183110355.2294015
Lao People's Democratic Republic,1992.0,101.85,6111000.0,13472448.84212535
Liberia,1992.0,0.0,0.0,0.0
Madagascar,1992.0,736.406,44184360.0,97409839.58796427
Malawi,1992.0,128.022,7681319.999999999,16934411.83766884
Mexico,1992.0,3332.0409999,199922459.994,440753577.918674
Nepal,1992.0,0.0,0.0,0.0
Nicaragua,1992.0,635.946,38156760.0,84121256.2725012
Nigeria,1992.0,11.391,683460.0,1506771.377129601
Panama,1992.0,125.4040001,7524240.006,16588109.72945638
Papua New Guinea,1992.0,917.1739996,55030439.975999996,121321352.86144817
Paraguay,1992.0,40.3690006,2422140.036,5339904.716654173
Peru,1992.0,1061.043,63662580.0,140351964.0333354
Philippines,1992.0,41.3159998,2478959.988,5465171.268205805
Rwanda,1992.0,644.525,38671500.0,85256063.72087228
Sierra Leone,1992.0,47.02,2821200.0,6219681.34076322
Sri Lanka,1992.0,14.724,883440.0,1947651.809047164
Tanzania,1992.0,827.7859996,49667159.975999996,109497344.4461325
Thailand,1992.0,1163.7760006,69826560.03600001,153941213.86133277
Timor-Leste,1992.0,0.0,0.0,0.0
Togo,1992.0,313.177,18790620.0,41426225.930587046
Trinidad & Tobago,1992.0,2.451,147060.0,324211.802769261
Uganda,1992.0,1961.034,117662040.0,259400395.11701956
Venezuela,1992.0,135.818001,8149080.060000001,17965646.247542758
Viet Nam,1992.0,1937.611,116256660.0,256302062.57672402
Yemen,1992.0,36.9890016,2219340.0960000004,4892807.381220352
Zambia,1992.0,30.514,1830840.0,4036311.280987854
Zimbabwe,1992.0,162.318,9739080.0,21470996.084006898
Angola,1993.0,38.878,2332680.0,5142679.097537058
Bolivia (Plurinational State of),1993.0,47.319,2839140.0,6259232.270599209
Brazil,1993.0,17837.7479992,1070264879.9520001,2359530165.713754
Burundi,1993.0,417.609,25056540.0,55240214.9092894
Cameroon,1993.0,704.53,42271800.0,93193366.54631883
Central African Republic,1993.0,137.197,8231820.0,18148056.590997268
Colombia,1993.0,13568.3620035,814101720.21,1794787068.8619654
Congo,1993.0,0.504,30240.0,66667.788084744
Costa Rica,1993.0,2363.9200001,141835200.00599998,312693090.50784683
Côte d'Ivoire,1993.0,4033.1070005,241986420.03,533488735.77863395
Cuba,1993.0,116.195,6971700.0,15369967.532751646
Democratic Republic of Congo,1993.0,919.506,55170360.0,121629823.71160837
Dominican Republic,1993.0,331.4320003,19885920.018,43840949.12798256
Ecuador,1993.0,1598.6660008,95919960.048,211467313.808769
El Salvador,1993.0,2947.0709997,176824259.982,389830763.64820284
Equatorial Guinea,1993.0,2.463,147780.0,325799.131056993
Ethiopia,1993.0,1166.778,70006680.0,154338310.40861395
Gabon,1993.0,2.178,130680.0,288100.084223358
Ghana,1993.0,47.482,2848920.0,6280793.479840902
Guatemala,1993.0,3750.6870001,225041220.006,496130964.47395045
Guinea,1993.0,15.469,928140.0,2046198.440243859
Guyana,1993.0,0.0529992,3179.952,7010.594115597151
Haiti,1993.0,158.542,9512520.0,20971516.782800563
Honduras,1993.0,1705.317,102319020.0,225574826.13752258
India,1993.0,2101.5930003,126095580.01799999,277993168.2229796
Indonesia,1993.0,5662.0940006,339725640.036,748966831.2458357
Jamaica,1993.0,24.3539995,1461239.9700000002,3221482.6938134157
Kenya,1993.0,1438.7990001,86327940.006,190320529.4349372
Lao People's Democratic Republic,1993.0,141.6669996,8500019.976,18739336.325266495
Liberia,1993.0,0.0,0.0,0.0
Madagascar,1993.0,627.783,37666980.0,83041476.20477152
Malawi,1993.0,103.574,6214440.0,13700495.006129514
Mexico,1993.0,3263.6160007,195816960.042,431702499.85049075
Nepal,1993.0,0.0083167,499.00199999999995,1100.1110975483937
Nicaragua,1993.0,476.4660004,28587960.023999996,63025663.381453864
Nigeria,1993.0,10.304,618240.0,1362985.889732544
Panama,1993.0,129.286,7757160.0,17101610.417309947
Papua New Guinea,1993.0,1054.6339997,63278039.982,139504198.41064596
Paraguay,1993.0,58.4419998,3506519.988,7730553.28951399
Peru,1993.0,775.0,46500000.0,102514951.916025
Philippines,1993.0,34.7579998,2085479.988,4597696.358960266
Rwanda,1993.0,480.725,28843500.0,63589032.59333047
Sierra Leone,1993.0,40.986,2459160.0,5421519.766748646
Sri Lanka,1993.0,14.464,867840.0,1913259.696146304
Tanzania,1993.0,1037.2959986,62237759.916,137210773.44408277
Thailand,1993.0,981.7820003,58906920.01800001,129867528.45519142
Timor-Leste,1993.0,0.0,0.0,0.0
Togo,1993.0,218.284,13097040.0,28874030.663274325
Trinidad & Tobago,1993.0,9.7439996,584639.976,1288910.5167274412
Uganda,1993.0,1829.081,109744860.0,241946000.9877612
Venezuela,1993.0,525.0020004,31500120.024,69445877.19590056
Viet Nam,1993.0,2071.8369999,124310219.99400002,274057123.1259226
Yemen,1993.0,50.8530024,3051180.144,6726700.768801941
Zambia,1993.0,23.072,1384320.0,3051903.187879392
Zimbabwe,1993.0,69.828,4189680.0,9236663.306312509
Angola,1994.0,8.302,498120.0,1098166.620395922
Bolivia (Plurinational State of),1994.0,84.3210002,5059260.012,11153759.072276304
Brazil,1994.0,17273.1476003,1036388856.0179999,2284846317.010525
Burundi,1994.0,507.803,30468180.0,67170838.87459773
Cameroon,1994.0,545.889,32753340.0,72208754.30514447
Central African Republic,1994.0,136.676,8200560.0,18079140.087838236
Colombia,1994.0,11768.0890004,706085340.0239999,1556651713.5735595
Congo,1994.0,1.017,61019.99999999999,134526.072385287
Costa Rica,1994.0,2104.9679999,126298079.99400002,278439604.2509934
Côte d'Ivoire,1994.0,2443.9930001,146639580.00599998,323284935.33981055
Cuba,1994.0,135.7250001,8143500.005999998,17953344.334263206
Democratic Republic of Congo,1994.0,761.01,45660600.0,100664391.68724412
Dominican Republic,1994.0,332.3130004,19938780.024,43957485.49300129
Ecuador,1994.0,2145.2509996,128715059.97599998,283768132.9958691
El Salvador,1994.0,2092.9550001,125577300.00599998,276850556.3840717
Equatorial Guinea,1994.0,0.849,50940.0,112303.476357039
Ethiopia,1994.0,1475.325,88519500.0,195152092.1748511
Gabon,1994.0,5.039,302340.0,666545.603490129
Ghana,1994.0,10.815,648900.0,1430579.619318465
Guatemala,1994.0,3274.0689998,196444139.988,433085194.947413
Guinea,1994.0,50.4670001,3028020.006,6675641.404641973
Guyana,1994.0,0.4029972,24179.832000000002,53307.40461973254
Haiti,1994.0,103.468,6208080.0,13686473.606254548
Honduras,1994.0,1718.185,103091100.0,227276971.17140055
India,1994.0,2496.0849996,149765099.976,330175527.3707165
Indonesia,1994.0,4604.6299989,276277799.934,609088287.6494448
Jamaica,1994.0,15.8269995,949619.97,2093553.6680225183
Kenya,1994.0,1358.411,81504660.0,179687017.22219282
Lao People's Democratic Republic,1994.0,153.0,9180000.0,20238435.668583002
Liberia,1994.0,0.0,0.0,0.0
Madagascar,1994.0,435.621,26137260.0,57622794.66917513
Malawi,1994.0,78.469,4708140.0,10379671.95083686
Mexico,1994.0,2789.0460003,167342760.018,368927634.33849853
Nepal,1994.0,0.0,0.0,0.0
Nicaragua,1994.0,623.5139996,37410839.975999996,82476784.11349991
Nigeria,1994.0,7.873,472380.0,1041419.634109503
Panama,1994.0,76.486,4589160.0,10117365.951289145
Papua New Guinea,1994.0,1156.8369996,69410219.976,153023341.14667436
Paraguay,1994.0,48.36284,2901770.4,6397308.667254723
Peru,1994.0,1057.017,63421020.0,139819415.39280128
Philippines,1994.0,125.6699992,7540199.9520000005,16623295.387451485
Rwanda,1994.0,30.024,1801440.0,3971495.375905464
Sierra Leone,1994.0,61.924,3715440.0,8191143.074126364
Sri Lanka,1994.0,47.359,2841540.0,6264523.364891649
Tanzania,1994.0,632.137999,37928279.940000005,83617543.96358357
Thailand,1994.0,1136.0460002,68162760.012,150273162.69018775
Timor-Leste,1994.0,0.0,0.0,0.0
Togo,1994.0,165.795,9947700.0,21930924.455377243
Trinidad & Tobago,1994.0,5.3999985,323999.91,714297.531063364
Uganda,1994.0,3368.765,202125900.0,445611331.6017909
Venezuela,1994.0,385.9960001,23159760.006,51058530.8258445
Viet Nam,1994.0,2720.911,163254660.0,359914916.5584303
Yemen,1994.0,92.840004,5570400.239999999,12280630.381862668
Zambia,1994.0,23.954,1437240.0,3168571.817027694
Zimbabwe,1994.0,31.744,1904640.0,4199012.430480384
Angola,1995.0,40.559,2433540.0,5365037.335176849
Bolivia (Plurinational State of),1995.0,93.9580001,5637480.006,12428515.951454675
Brazil,1995.0,14468.4322014,868105932.084,1913845976.0345662
Burundi,1995.0,528.202,31692120.0,69869164.68638483
Cameroon,1995.0,407.269,24436140.0,53872467.03469366
Central African Republic,1995.0,231.542,13892520.0,30627763.866503563
Colombia,1995.0,9814.1969996,588851819.9760001,1298196043.2366335
Congo,1995.0,19.149,1148940.0,2532979.115148339
Costa Rica,1995.0,2067.0109998,124020659.98799999,273418752.58631194
Côte d'Ivoire,1995.0,2493.9459999,149636759.99400002,329892586.1431115
Cuba,1995.0,122.287,7337220.0,16175801.193490257
Democratic Republic of Congo,1995.0,1051.39,63083400.0,139075090.7032123
Dominican Republic,1995.0,451.0180003,27061080.018,59659469.179375805
Ecuador,1995.0,1539.9739994,92398439.96399999,203703690.96828347
El Salvador,1995.0,1807.4980001,108449880.00599998,239091058.79814556
Equatorial Guinea,1995.0,3.385,203100.0,447758.854497735
Ethiopia,1995.0,1276.118,76567080.0,168801516.6569987
Gabon,1995.0,2.946,176760.0,389689.094638206
Ghana,1995.0,38.152,2289120.0,5046645.736129272
Guatemala,1995.0,3700.8720009,222052320.054,489541568.0253248
Guinea,1995.0,151.5520001,9093120.006,20046898.068424407
Guyana,1995.0,0.0259992,1559.9520000000002,3439.105468200152
Haiti,1995.0,151.788,9107280.0,20078115.51152207
Honduras,1995.0,1795.963,107757780.0,237565239.4683355
India,1995.0,2467.2570006,148035420.03599998,326362235.8464323
Indonesia,1995.0,3946.5850006,236795100.03599998,522043834.28259933
Jamaica,1995.0,26.3230003,1579380.018,3481936.91618066
Kenya,1995.0,1450.0460001,87002760.00599998,191808252.872614
Lao People's Democratic Republic,1995.0,165.2329992,9913979.952,21856584.474746577
Liberia,1995.0,0.0,0.0,0.0
Madagascar,1995.0,585.1879998,35111279.988,77407122.14365399
Malawi,1995.0,91.633,5497980.0,12120971.082478862
Mexico,1995.0,3626.4919986,217589519.916,479702777.88429475
Nepal,1995.0,0.25,15000.0,33069.33932775
Nicaragua,1995.0,681.1789992,40870739.95200001,90104557.8699278
Nigeria,1995.0,15.191,911460.0,2009425.334911401
Panama,1995.0,180.533,10831980.0,23880428.14742676
Papua New Guinea,1995.0,1002.0520002,60123120.012,132548790.47465765
Paraguay,1995.0,20.59553,1235731.7999999998,2724322.2808194193
Peru,1995.0,1760.467,105628020.0,232869922.39322424
Philippines,1995.0,57.3240006,3439440.036,7582667.309862178
Rwanda,1995.0,313.899,18833940.0,41521730.18256559
Sierra Leone,1995.0,71.475,4288500.0,9454524.113803726
Sri Lanka,1995.0,21.896,1313760.0,2896345.015681656
Tanzania,1995.0,744.6529993,44679179.958000004,98500730.86111395
Thailand,1995.0,1209.5229999,72571379.99400002,159992506.03364494
Timor-Leste,1995.0,0.0,0.0,0.0
Togo,1995.0,200.316,12018960.0,26497271.107110277
Trinidad & Tobago,1995.0,4.0599984,243599.90399999998,537045.8590388882
Uganda,1995.0,3079.261,184755660.0,407316507.55082715
Venezuela,1995.0,96.7520001,5805120.006,12798098.887781609
Viet Nam,1995.0,3546.405,212784300.0,469109081.354517
Yemen,1995.0,76.8740028,4612440.1680000005,10168689.936302416
Zambia,1995.0,20.742,1244520.0,2743696.945344762
Zimbabwe,1995.0,156.975,9418500.0,20764238.163894225
Angola,1996.0,51.831,3109860.0,6856067.706786441
Bolivia (Plurinational State of),1996.0,123.4450001,7406700.006,16328978.386484131
Brazil,1996.0,15250.6090018,915036540.1079999,2017310256.1414516
Burundi,1996.0,224.076,13444560.0,29640181.116819635
Cameroon,1996.0,563.549,33812940.0,74544772.43525673
Central African Republic,1996.0,98.328,5899680.0,13006567.989676008
Colombia,1996.0,10588.4309984,635305859.9039999,1400609670.5382252
Congo,1996.0,12.634,758040.0,1671192.132267174
Costa Rica,1996.0,2430.1340004,145808040.024,321451703.4845206
Côte d'Ivoire,1996.0,2750.6029989,165036179.93400002,363842495.70620346
Cuba,1996.0,112.1710001,6730260.006,14837683.460159916
Democratic Republic of Congo,1996.0,881.561,52893660.0,116610559.38844247
Dominican Republic,1996.0,452.7040004,27162240.023999996,59882488.81702988
Ecuador,1996.0,1539.4110001,92364660.00599998,203629218.90871152
El Salvador,1996.0,2314.1469997,138848819.982,306109249.5494955
Equatorial Guinea,1996.0,1.659,99540.0,219448.135778949
Ethiopia,1996.0,1838.231,110293860.0,243156338.80715683
Gabon,1996.0,1.681,100860.0,222358.237639791
Ghana,1996.0,4.359,261540.0,576597.000518649
Guatemala,1996.0,3978.998,238739880.0,526331340.18575436
Guinea,1996.0,32.43,1945800.0,4289754.69759573
Guyana,1996.0,0.3375579,20253.474000000002,44651.26695145081
Haiti,1996.0,156.468,9388080.0,20697173.54373755
Honduras,1996.0,2059.76,123585600.00000001,272459609.4949054
India,1996.0,3103.1759998,186190559.98800004,410479920.52446437
Indonesia,1996.0,6440.28,386416800.0,851903218.7428871
Jamaica,1996.0,27.2850003,1637100.018,3609187.733913842
Kenya,1996.0,1901.584,114095040.0,251536506.22488064
Lao People's Democratic Republic,1996.0,144.1669992,8650019.952,19070029.66563305
Liberia,1996.0,0.0,0.0,0.0
Madagascar,1996.0,718.0490001,43082940.006,94981624.15303397
Malawi,1996.0,60.151,3609060.0,7956615.3196139615
Mexico,1996.0,4633.4970009,278009820.054,612906738.3874962
Nepal,1996.0,0.0833333,4999.998,11023.108700004756
Nicaragua,1996.0,822.3559998,49341359.988,108779078.42238924
Nigeria,1996.0,6.9240001,415440.006,915888.4352490997
Panama,1996.0,138.598,8315880.0,18333377.16858998
Papua New Guinea,1996.0,1090.0759997,65404559.982,144192372.50846243
Paraguay,1996.0,15.9135658,954813.948,2105004.4294187096
Peru,1996.0,1679.374,100762440.0,222143154.6568033
Philippines,1996.0,27.0319997,1621919.982,3575721.483147745
Rwanda,1996.0,265.306,15918360.0,35093976.558752164
Sierra Leone,1996.0,28.512,1710720.0,3771492.011651232
Sri Lanka,1996.0,11.536,692160.0,1525951.593939696
Tanzania,1996.0,969.6369995,58178219.97,128261019.84482743
Thailand,1996.0,872.6859998,52361159.988,115436597.81585187
Timor-Leste,1996.0,0.0,0.0,0.0
Togo,1996.0,85.49,5129400.0,11308391.27651739
Trinidad & Tobago,1996.0,3.7569977,225419.862,496965.72717950516
Uganda,1996.0,4654.503,279270180.0,615685356.4361215
Venezuela,1996.0,494.5670001,29674020.005999997,65420015.78645707
Viet Nam,1996.0,3779.415,226764900.0,499931028.38155305
Yemen,1996.0,42.007002,2520420.12,5556575.213117892
Zambia,1996.0,35.824,2149440.0,4738704.048309264
Zimbabwe,1996.0,150.362,9021720.0,19889487.999996584
Angola,1997.0,50.494,3029640.0,6679212.880061634
Bolivia (Plurinational State of),1997.0,110.9550001,6657300.006,14676834.19366974
Brazil,1997.0,16801.2600051,1008075600.306,2222426272.9696264
Burundi,1997.0,528.764,31725840.0,69943504.5611936
Cameroon,1997.0,1368.03,82081800.0,180959393.12216732
Central African Republic,1997.0,202.778,12166680.0,26822937.960809957
Colombia,1997.0,10918.8630016,655131780.0960001,1444318342.6925013
Congo,1997.0,2.67,160200.0,353180.54402037
Costa Rica,1997.0,2099.2390003,125954340.01799999,277681787.3238695
Côte d'Ivoire,1997.0,4712.9820006,282778920.036,623420804.0936779
Cuba,1997.0,106.6630001,6399780.006,14109099.77609093
Democratic Republic of Congo,1997.0,544.253,32655180.0,71992348.54858369
Dominican Republic,1997.0,306.9770001,18418620.006,40606106.328486584
Ecuador,1997.0,1044.9809993,62698859.958,138227325.02761194
El Salvador,1997.0,2772.1260003,166327560.01800004,366689501.45279646
Equatorial Guinea,1997.0,1.12,67200.0,148150.64018832
Ethiopia,1997.0,1979.733,118783980.0,261873849.42137796
Gabon,1997.0,0.0,0.0,0.0
Ghana,1997.0,29.669,1780140.0,3924536.914060059
Guatemala,1997.0,4243.8820002,254632920.01200002,561369495.7261769
Guinea,1997.0,114.344,6860640.0,15125122.144368984
Guyana,1997.0,0.3232662,19395.972,42760.79864396919
Haiti,1997.0,100.776,6046560.0,13330382.960373336
Honduras,1997.0,1722.482,103348920.0,227845366.9757659
India,1997.0,2640.1110013,158406660.078,349226906.2596621
Indonesia,1997.0,5755.0779999,345304679.99399996,761266508.9454474
Jamaica,1997.0,29.6820001,1780920.006,3926256.532932838
Kenya,1997.0,1159.095,69545700.0,153322023.47239354
Lao People's Democratic Republic,1997.0,110.0829996,6604979.976,14561488.27195587
Liberia,1997.0,0.0,0.0,0.0
Madagascar,1997.0,480.233,28813980.0,63523952.13353346
Malawi,1997.0,60.17,3610200.0,7959128.58940287
Mexico,1997.0,4502.4240011,270145440.066,595568748.3591269
Nepal,1997.0,0.0666667,4000.0019999999995,8818.494896645243
Nicaragua,1997.0,714.0030004,42840180.024000004,94446430.00503689
Nigeria,1997.0,6.905,414300.0,913375.152232455
Panama,1997.0,124.107,7446420.0,16416545.983796278
Papua New Guinea,1997.0,1043.4369999,62606219.994,138023088.86729017
Paraguay,1997.0,35.25945,2115567.0000000005,4664026.86623934
Peru,1997.0,1647.733,98863980.0,217957766.79412597
Philippines,1997.0,30.9289995,1855739.97,4091206.31813324
Rwanda,1997.0,217.949,13076940.0,28829717.74857514
Sierra Leone,1997.0,46.9430001,2816580.006,6209495.997478009
Sri Lanka,1997.0,21.136,1268160.0,2795814.224125296
Tanzania,1997.0,655.1669989,39310019.934,86663759.21187085
Thailand,1997.0,1066.2299995,63973799.970000006,141038086.61956885
Timor-Leste,1997.0,0.0,0.0,0.0
Togo,1997.0,313.137,18788220.0,41420934.83629461
Trinidad & Tobago,1997.0,3.9519988,237119.928,522759.95736024325
Uganda,1997.0,3501.942,210116520.0,463227633.21639794
Venezuela,1997.0,104.5369998,6272219.988,13827878.074764535
Viet Nam,1997.0,6177.8340002,370670040.012,817187555.4524999
Yemen,1997.0,79.7890032,4787340.192,10554278.485774921
Zambia,1997.0,38.89,2333400.0,5144266.42582479
Zimbabwe,1997.0,109.008,6540480.0,14419290.165757488
Angola,1998.0,53.929,3235740.0,7133585.602424919
Bolivia (Plurinational State of),1998.0,97.0389999,5822339.994,12836062.462874394
Brazil,1998.0,18144.3883339,1088663300.034,2400091738.83283
Burundi,1998.0,373.841,22430460.0,49450699.53450155
Cameroon,1998.0,745.718,44743080.0,98641606.3392443
Central African Republic,1998.0,102.32,6139200.0,13534619.20006152
Colombia,1998.0,11259.9289995,675595739.9699999,1489433651.563352
Congo,1998.0,0.0,0.0,0.0
Costa Rica,1998.0,2044.5580013,122673480.078,270448729.2810241
Côte d'Ivoire,1998.0,4365.288002,261917280.12,577428760.8059753
Cuba,1998.0,151.941,9116460.0,20098353.94719065
Democratic Republic of Congo,1998.0,640.369,38422140.0,84706319.02388775
Dominican Republic,1998.0,359.5050006,21570300.036000002,47554371.41945747
Ecuador,1998.0,1056.4159999,63384959.99400001,139739916.68782967
El Salvador,1998.0,1684.2470005,101054820.03,222787742.2851185
Equatorial Guinea,1998.0,1.669,100140.0,220770.909352059
Ethiopia,1998.0,1917.061,115023660.0,253583762.883983
Gabon,1998.0,1.765,105900.0,233469.535653915
Ghana,1998.0,17.787,1067220.0,2352817.354490757
Guatemala,1998.0,3541.8530004,212511180.024,468506954.8769482
Guinea,1998.0,228.18,13690800.0,30183047.391223982
Guyana,1998.0,0.2283018,13698.107999999998,30199.158773344458
Haiti,1998.0,127.306,7638360.0,16839701.249834165
Honduras,1998.0,2329.274,139756440.0,308110209.17322224
India,1998.0,3486.8300027,209209800.162,461228658.149863
Indonesia,1998.0,5598.0319992,335881919.952,740492878.9965901
Jamaica,1998.0,16.9810004,1018860.0240000001,2246201.857409034
Kenya,1998.0,841.489,50489340.0,111309941.12627608
Lao People's Democratic Republic,1998.0,111.6879996,6701279.976,14773793.430440025
Liberia,1998.0,3.244,194640.0,429107.747116884
Madagascar,1998.0,796.116,47766960.0,105308120.59300408
Malawi,1998.0,58.6,3516000.0,7751453.1384246005
Mexico,1998.0,3399.0260009,203941560.054,449614176.8304287
Nepal,1998.0,0.0333333,1999.998,4409.240834454757
Nicaragua,1998.0,940.5839991,56435039.946,124417965.72996001
Nigeria,1998.0,9.8969999,593819.9940000001,1309148.9920792314
Panama,1998.0,145.123,8707380.0,19196486.925044253
Papua New Guinea,1998.0,1348.9680002,80938080.012,178437922.1635605
Paraguay,1998.0,19.3557834,1161347.004,2560331.8768361225
Peru,1998.0,1949.254,116955240.0,257842167.847896
Philippines,1998.0,21.0029996,1260179.976,2778221.28269199
Rwanda,1998.0,214.272,12856320.0,28343333.905742593
Sierra Leone,1998.0,41.865,2511900.0,5537791.563825015
Sri Lanka,1998.0,27.2659998,1635959.988,3606674.397986254
Tanzania,1998.0,742.3049999,44538299.993999995,98190143.7055141
Thailand,1998.0,778.0310001,46681860.006000005,102915884.59926239
Timor-Leste,1998.0,0.0,0.0,0.0
Togo,1998.0,165.801,9948060.0,21931718.11952111
Trinidad & Tobago,1998.0,5.2189988,313139.92799999996,690355.3690732801
Uganda,1998.0,3286.012,197160720.0,434664983.45223373
Venezuela,1998.0,267.5629998,16053779.988,35392526.52774762
Viet Nam,1998.0,6466.7120002,388002720.012,855399573.877787
Yemen,1998.0,70.7909994,4247459.964,9364046.322036587
Zambia,1998.0,33.308,1998480.0,4405894.217314788
Zimbabwe,1998.0,153.268,9196080.0,20273886.000342347
Angola,1999.0,50.114,3006840.0,6628947.484283454
Bolivia (Plurinational State of),1999.0,123.709,7422540.0,16363899.5955865
Brazil,1999.0,23149.2038037,1388952228.2220001,3062115503.0071855
Burundi,1999.0,408.748,24524880.0,54068105.246156625
Cameroon,1999.0,1154.047,69242820.0,152654287.3726876
Central African Republic,1999.0,194.884,11693040.0,25778740.502196923
Colombia,1999.0,9995.3100014,599718600.084,1322153192.4893997
Congo,1999.0,0.0,0.0,0.0
Costa Rica,1999.0,2194.9110035,131694660.21000001,290337027.0758151
Côte d'Ivoire,1999.0,2406.01,144360600.0,318260644.4638391
Cuba,1999.0,77.4130001,4644780.006,10239987.07474418
Democratic Republic of Congo,1999.0,487.112,29226720.0,64433888.07447583
Dominican Republic,1999.0,160.5920023,9635520.138,21242685.669526033
Ecuador,1999.0,988.0260009,59281560.054,130693468.3536077
El Salvador,1999.0,1889.8150003,113388900.01799999,249979734.04637066
Equatorial Guinea,1999.0,1.036,62160.0,137039.342174196
Ethiopia,1999.0,1818.087,109085220.0,240491743.72148407
Gabon,1999.0,2.5,150000.0,330693.3932775
Ghana,1999.0,94.408,5664480.0,12488040.749016888
Guatemala,1999.0,4680.601,280836060.0,619137530.9072239
Guinea,1999.0,300.7939999,18047639.994,39788235.40177719
Guyana,1999.0,1.4093593,84561.558,186426.32370568084
Haiti,1999.0,71.841,4310460.0,9502937.626579551
Honduras,1999.0,1986.603,119196180.0,262782594.86610454
India,1999.0,3621.9589989,217317539.93400002,479103164.6632872
Indonesia,1999.0,5115.0269995,306901619.96999997,676602254.0682737
Jamaica,1999.0,24.228,1453680.0,3204815.812930908
Kenya,1999.0,1114.07,66844200.0,147366235.45946577
Lao People's Democratic Republic,1999.0,191.3359992,11480159.952,25309420.33263561
Liberia,1999.0,15.209,912540.0,2011806.327342999
Madagascar,1999.0,464.383,27862980.0,61427356.02015411
Malawi,1999.0,54.31,3258600.0,7183983.27556041
Mexico,1999.0,4357.6250021,261457500.12599996,576415119.4301287
Nepal,1999.0,0.0,0.0,0.0
Nicaragua,1999.0,984.1939994,59051639.964,130186581.32197593
Nigeria,1999.0,8.576,514560.0,1134410.616299136
Panama,1999.0,117.981,7078860.0,15606214.892909091
Papua New Guinea,1999.0,1320.1479996,79208879.976,174625688.64649108
Paraguay,1999.0,3.4944834,209669.00400000002,462241.0293191582
Peru,1999.0,2407.33,144439800.0,318435250.57548964
Philippines,1999.0,8.5949999,515699.99399999995,1136923.8728603092
Rwanda,1999.0,314.019,18841140.0,41537603.46544291
Sierra Leone,1999.0,22.945,1376700.0,3035103.963500895
Sri Lanka,1999.0,17.2599997,1035599.9820000001,2283107.147504653
Tanzania,1999.0,643.3540005,38601240.03,85101167.00159977
Thailand,1999.0,493.404001,29604240.06,65266177.338954
Timor-Leste,1999.0,0.0,0.0,0.0
Togo,1999.0,320.88,19252800.0,42445158.41395368
Trinidad & Tobago,1999.0,2.9669988,178019.92799999999,392466.7604089082
Uganda,1999.0,3840.797,230447820.0,508050477.1280169
Venezuela,1999.0,464.0820001,27844920.006,61387540.54883124
Viet Nam,1999.0,7727.0130001,463620780.006,1022108859.5609697
Yemen,1999.0,68.004,4080240.0,8995389.406577244
Zambia,1999.0,51.184,3071040.0,6770484.256606224
Zimbabwe,1999.0,131.422,7885320.0,17384154.852526244
Angola,2000.0,21.505,1290300.0,2844624.568973055
Bolivia (Plurinational State of),2000.0,106.347,6380820.0,14067300.117952917
Brazil,2000.0,18016.2606406,1080975638.4359999,2383143346.1647515
Burundi,2000.0,444.242,26654520.0,58763157.76655326
Cameroon,2000.0,1204.964,72297840.0,159389453.5748918
Central African Republic,2000.0,202.816,12168960.0,26827964.500387777
Colombia,2000.0,9176.6609102,550599654.612,1213864454.1404119
Congo,2000.0,0.0,0.0,0.0
Costa Rica,2000.0,1964.9800407,117898802.442,259922366.95265722
Côte d'Ivoire,2000.0,6109.6138,366576828.0,808163567.6548165
Cuba,2000.0,112.91898,6775138.800000001,14936624.264653664
Democratic Republic of Congo,2000.0,281.328,16879680.0,37213324.37758901
Dominican Republic,2000.0,154.8670095,9292020.569999998,20485398.751317527
Ecuador,2000.0,696.65018,41799010.8,92151044.78063247
El Salvador,2000.0,2536.57276,152194365.60000002,335531141.3198695
Equatorial Guinea,2000.0,0.179,10740.0,23677.646958669
Ethiopia,2000.0,1981.856,118911360.0,262154674.2509492
Gabon,2000.0,0.584,35040.0,77249.976669624
Ghana,2000.0,90.63314,5437988.4,11988712.243997887
Guatemala,2000.0,4851.59185,291095511.0,641755748.6695855
Guinea,2000.0,292.1529999,17529179.994,38645226.75725284
Guyana,2000.0,0.5136147,30816.881999999998,67939.59519208207
Haiti,2000.0,72.858,4371480.0,9637463.698964838
Honduras,2000.0,2878.56,172713600.0,380768309.6611522
India,2000.0,4228.7878502,253727271.01200002,559372881.453321
Indonesia,2000.0,5357.59886,321455931.6,708689018.7332263
Jamaica,2000.0,28.91593,1734955.8,3824922.8045898643
Kenya,2000.0,1328.30814,79698488.4,175705090.45388982
Lao People's Democratic Republic,2000.0,254.5989996,15275939.976,33677682.841112345
Liberia,2000.0,3.583,214980.0,473949.771245313
Madagascar,2000.0,216.232,12973920.0,28602597.526072152
Malawi,2000.0,61.488,3689280.0,8133470.146338768
Mexico,2000.0,5303.6903414,318221420.484,701558142.3562675
Nepal,2000.0,0.066666,3999.96,8818.402302495126
Nicaragua,2000.0,1366.6234,81997404.0,180773331.79137367
Nigeria,2000.0,6.7439999,404639.99400000006,892078.4844776484
Panama,2000.0,72.034,4322040.0,9528467.156540575
Papua New Guinea,2000.0,1043.1571301,62589427.805999994,137986068.429755
Paraguay,2000.0,5.4387134,326322.804,719418.6357239237
Peru,2000.0,2361.566,141693960.0,312381709.59550905
Philippines,2000.0,4.9972,299832.00000000006,661016.4099545294
Rwanda,2000.0,270.158,16209480.0,35735786.29642514
Sierra Leone,2000.0,39.796,2387760.0,5264109.711548556
Sri Lanka,2000.0,2.4309996,145859.97599999997,321566.202712098
Tanzania,2000.0,740.3485,44420910.0,97931343.06916289
Thailand,2000.0,970.33097,58219858.199999996,128352816.4286192
Timor-Leste,2000.0,1.195,71700.0,158071.441986645
Togo,2000.0,282.6,16956000.0,37381581.1760886
Trinidad & Tobago,2000.0,3.0969997,185819.982,409662.9359089598
Uganda,2000.0,2513.272,150796320.0,332448978.3637316
Venezuela,2000.0,38.36703,2302021.8,5075089.336271856
Viet Nam,2000.0,11618.3758499,697102550.994,1536848053.6707156
Yemen,2000.0,58.1039992,3486239.952,7685843.463376459
Zambia,2000.0,64.552,3873120.0000000005,8538767.969139673
Zimbabwe,2000.0,117.05728,7023436.8,15484027.652413774
Angola,2001.0,14.25,855000.0,1884952.34168175
Bolivia (Plurinational State of),2001.0,69.555,4173300.0,9200551.587766604
Brazil,2001.0,23172.486512,1390349190.7199998,3065195278.1321516
Burundi,2001.0,303.166,18189960.0,40101997.30654663
Cameroon,2001.0,1125.159,67509540.0,148833059.07468745
Central African Republic,2001.0,94.316,5658960.0,12475871.232144276
Colombia,2001.0,9943.6300006,596617800.036,1315317098.5577455
Congo,2001.0,0.0,0.0,0.0
Costa Rica,2001.0,2018.2970002,121097820.012,266974993.45517483
Côte d'Ivoire,2001.0,4094.5219997,245671319.982,541612549.5720671
Cuba,2001.0,108.625,6517500.0,14368627.937907375
Democratic Republic of Congo,2001.0,133.054,7983240.0,17600031.499657795
Dominican Republic,2001.0,97.3850021,5843100.126,12881830.719514186
Ecuador,2001.0,756.3890008,45383340.04799999,100053138.12493186
El Salvador,2001.0,1532.9139997,91974839.98200001,202769812.86535108
Equatorial Guinea,2001.0,0.0,0.0,0.0
Ethiopia,2001.0,1376.062,82563720.0,182021844.8560893
Gabon,2001.0,2.024,121440.0,267729.371197464
Ghana,2001.0,56.534,3392040.0,7478168.118220074
Guatemala,2001.0,4110.378,246622679.99999997,543709939.3892735
Guinea,2001.0,355.8079999,21348479.994000003,47065341.93688456
Guyana,2001.0,1.1471951,68831.70599999999,151747.93614812836
Haiti,2001.0,86.668,5200080.0,11464214.003429748
Honduras,2001.0,2391.613,143496780.0,316356247.35063267
India,2001.0,3729.7010005,223782060.03,493354991.9063327
Indonesia,2001.0,5243.4050012,314604300.07199997,693583756.8700167
Jamaica,2001.0,28.1909991,1691459.946,3729030.8609047793
Kenya,2001.0,1095.882,65752920.0,144960374.8846933
Lao People's Democratic Republic,2001.0,198.1189985,11887139.91,26206657.554681975
Liberia,2001.0,7.227,433620.0,955968.461286597
Madagascar,2001.0,87.257,5235420.0,11542125.366885927
Malawi,2001.0,63.712,3822720.0,8427654.988998432
Mexico,2001.0,3333.1659985,199989959.91000003,440902389.7604607
Nepal,2001.0,0.066666,3999.96,8818.402302495126
Nicaragua,2001.0,1364.5919995,81875519.97,180504623.50159344
Nigeria,2001.0,6.855,411300.0,906761.284366905
Panama,2001.0,56.933,3415980.0,7530946.783787163
Papua New Guinea,2001.0,1095.4109998,65724659.98799999,144898072.22294432
Paraguay,2001.0,0.6,36000.0,79366.4143866
Peru,2001.0,2662.796,159767760.0,352227617.93830156
Philippines,2001.0,3.014,180840.0,398683.954935354
Rwanda,2001.0,278.773,16726380.0,36875355.7296594
Sierra Leone,2001.0,35.903,2154180.0,4749153.959536833
Sri Lanka,2001.0,4.1429996,248579.97599999997,548025.03842853
Tanzania,2001.0,866.1620001,51969720.006,114573620.37643811
Thailand,2001.0,1147.7910002,68867460.01200001,151826760.25180548
Timor-Leste,2001.0,31.6646336,1899878.0159999998,4188514.052829096
Togo,2001.0,193.325,11599500.0,25572520.102149077
Trinidad & Tobago,2001.0,2.8399995,170399.97,375667.62862456136
Uganda,2001.0,3059.763,183585780.0,404737363.6379773
Venezuela,2001.0,25.9340004,1556040.0239999997,3430481.037414416
Viet Nam,2001.0,14106.4430005,846386580.03,1865963001.1643934
Yemen,2001.0,65.8800015,3952800.090000001,8714432.498064717
Zambia,2001.0,114.945,6896700.0,15204620.836112896
Zimbabwe,2001.0,104.5680001,6274080.006,13831978.712524384
Angola,2002.0,9.345,560700.0,1236131.904071295
Bolivia (Plurinational State of),2002.0,79.148,4748880.0,10469488.276451029
Brazil,2002.0,27981.8389351,1678910336.106,3701363707.0370746
Burundi,2002.0,288.607,17316420.0,38176171.261455774
Cameroon,2002.0,639.688,38381280.0,84616238.14355896
Central African Republic,2002.0,95.435,5726100.0,12623889.594975285
Colombia,2002.0,10273.4249979,616405499.874,1358941509.2549777
Congo,2002.0,0.0,0.0,0.0
Costa Rica,2002.0,1784.0340019,107042040.11400001,235987303.1242996
Côte d'Ivoire,2002.0,3253.2150024,195192900.144,430326683.2819705
Cuba,2002.0,57.42,3445200.0,7595365.85679762
Democratic Republic of Congo,2002.0,179.221,10753260.0,23706880.25463473
Dominican Republic,2002.0,116.8180034,7009080.204,15452376.776099414
Ecuador,2002.0,565.2889991,33917339.945999995,74774934.91792825
El Salvador,2002.0,1533.0990005,91985940.03,202794284.28227547
Equatorial Guinea,2002.0,0.0,0.0,0.0
Ethiopia,2002.0,2054.678,123280680.0,271787375.9650509
Gabon,2002.0,0.25,15000.0,33069.33932775
Ghana,2002.0,25.057,1503420.0,3314473.742141727
Guatemala,2002.0,3491.328,209479680.0,461823641.345899
Guinea,2002.0,135.7669999,8146019.994,17958899.9568148
Guyana,2002.0,1.0699356,64196.136,141528.25366095916
Haiti,2002.0,41.182,2470920.0,5447446.128781602
Honduras,2002.0,2711.26,162675600.0,358638307.78302187
India,2002.0,3550.1299989,213007799.93400002,469601814.36499536
Indonesia,2002.0,4285.830001,257149800.06,566918266.4164805
Jamaica,2002.0,26.3730004,1582380.0239999997,3488550.7972739455
Kenya,2002.0,735.704,44142240.0,97316980.88313195
Lao People's Democratic Republic,2002.0,278.067,16684020.0,36781967.91539784
Liberia,2002.0,5.775,346500.0,763901.738471025
Madagascar,2002.0,145.329,8719740.0,19223736.06065032
Malawi,2002.0,43.97,2638200.0,5816235.40096467
Mexico,2002.0,2644.6589999,158679539.994,349828503.49552417
Nepal,2002.0,0.1166664,6999.984,15432.32307898805
Nicaragua,2002.0,955.4019993,57324119.958000004,126378051.63704988
Nigeria,2002.0,5.3099999,318599.994,702392.7540936742
Panama,2002.0,82.697,4961820.0,10938940.617547767
Papua New Guinea,2002.0,1057.0539997,63423239.982,139824309.6153386
Paraguay,2002.0,21.4491333,1286947.9980000001,2837234.6695353687
Peru,2002.0,2789.464,167367840.0,368982926.23417133
Philippines,2002.0,7.0079997,420479.982,926999.6803522808
Rwanda,2002.0,329.949,19796940.0,43644781.76740714
Sierra Leone,2002.0,80.461,4827660.0,10643168.446600372
Sri Lanka,2002.0,2.9119995,174719.97,385191.59835095337
Tanzania,2002.0,496.1019996,29766119.976,65623061.46379078
Thailand,2002.0,253.2999999,15197999.993999999,33505854.593648564
Timor-Leste,2002.0,30.0256336,1801538.0159999998,3971711.4641963667
Togo,2002.0,100.191,6011460.0,13253000.706346402
Trinidad & Tobago,2002.0,2.1449991,128699.946,283734.81238247344
Uganda,2002.0,3357.847,201470820.0,444167127.4146694
Venezuela,2002.0,191.901,11514060.0,25384157.14533821
Viet Nam,2002.0,11771.3669994,706282019.964,1557085318.6185477
Yemen,2002.0,60.9980006,3659880.036,8068654.3206227925
Zambia,2002.0,99.446,5966760.0,13154454.075149706
Zimbabwe,2002.0,119.0890001,7145340.006,15752778.218037415
Angola,2003.0,17.298,1037880.0,2288133.726765678
Bolivia (Plurinational State of),2003.0,73.1590001,4389540.006,9677279.196743185
Brazil,2003.0,25710.8116628,1542648699.768,3400958221.076021
Burundi,2003.0,475.98,28558800.0,62961376.53288978
Cameroon,2003.0,814.341,48860460.0,107718875.42999706
Central African Republic,2003.0,39.83,2389800.0,5268607.14169713
Colombia,2003.0,10244.3919993,614663519.958,1355101100.9253557
Congo,2003.0,0.0,0.0,0.0
Costa Rica,2003.0,1701.8120002,102108720.01200001,225111194.026603
Côte d'Ivoire,2003.0,2646.6490009,158798940.054,350091735.56885046
Cuba,2003.0,50.14,3008400.0,6632386.69557354
Democratic Republic of Congo,2003.0,211.869,12712140.0,28025471.41612426
Dominican Republic,2003.0,151.438005,9086280.3,20031819.097850006
Ecuador,2003.0,621.4529993,37287179.958000004,82204160.44039874
El Salvador,2003.0,1304.0299995,78241799.97,172493642.18812466
Equatorial Guinea,2003.0,0.0,0.0,0.0
Ethiopia,2003.0,2229.143,133748580.0,294865145.10831445
Gabon,2003.0,0.95,57000.0,125663.48944545
Ghana,2003.0,25.0281448,1501688.6879999998,3310656.852541046
Guatemala,2003.0,3820.7999997,229247999.982,505405326.7741856
Guinea,2003.0,354.647,21278820.0,46911767.93827422
Guyana,2003.0,0.778369,46702.14,102960.59433280576
Haiti,2003.0,37.0220001,2221320.006,4897172.335595578
Honduras,2003.0,2425.237,145514220.0,320803941.2128577
India,2003.0,3707.0660016,222423960.09600002,490360894.06910336
Indonesia,2003.0,4794.7200006,287683200.036,634232890.7255644
Jamaica,2003.0,24.5077825,1470466.9500000002,3241824.7026527734
Kenya,2003.0,919.569,55174140.0,121638157.18511896
Lao People's Democratic Republic,2003.0,232.65,13959000.0,30774327.17840415
Liberia,2003.0,6.604,396240.0,873559.667681844
Madagascar,2003.0,118.95,7137000.0,15734391.65214345
Malawi,2003.0,48.882,2932920.0,6465981.780076302
Mexico,2003.0,2595.5929985,155735579.91,343338182.4965144
Nepal,2003.0,1.8589988,111539.92799999999,245903.4485083202
Nicaragua,2003.0,1013.2369996,60794219.975999996,134028312.63681476
Nigeria,2003.0,8.9789998,538739.988,1187718.3648399976
Panama,2003.0,86.101,5166060.0,11389212.741834411
Papua New Guinea,2003.0,1147.1679996,68830079.976,151744351.3788343
Paraguay,2003.0,30.86829,1852097.4,4083175.825909568
Peru,2003.0,2503.025,150181500.0,331093532.2833658
Philippines,2003.0,12.3309998,739859.9880000001,1631112.06654647
Rwanda,2003.0,245.426,14725560.0,32464302.695409488
Sierra Leone,2003.0,33.9741004,2038446.0239999997,4494004.217930588
Sri Lanka,2003.0,5.9761442,358568.65200000006,790508.5616854604
Tanzania,2003.0,882.6650006,52959900.036,116756593.67028023
Thailand,2003.0,180.6349993,10838099.958,23893920.345278338
Timor-Leste,2003.0,45.9073504,2754441.0239999997,6072502.992062078
Togo,2003.0,71.558,4293480.0,9465503.134460539
Trinidad & Tobago,2003.0,1.7918055,107508.33,237015.29635531502
Uganda,2003.0,2522.128,151327680.0,333620426.6400778
Venezuela,2003.0,259.9515279,15597091.673999999,34385701.13956869
Viet Nam,2003.0,11631.1110003,697866660.018,1538532625.7105858
Yemen,2003.0,55.3268102,3319608.612,7318484.24170328
Zambia,2003.0,129.673,7780380.0,17152801.754589304
Zimbabwe,2003.0,97.4280001,5845680.006,12887518.381323844
Angola,2004.0,5.67,340200.0,750012.61595337
Bolivia (Plurinational State of),2004.0,93.278,5596680.0,12338567.335255459
Brazil,2004.0,26478.4750901,1588708505.4060001,3502502710.543571
Burundi,2004.0,338.925,20335500.0,44832103.326630674
Cameroon,2004.0,734.325,44059500.0,97134570.40740007
Central African Republic,2004.0,63.92,3835200.0,8455168.679319121
Colombia,2004.0,10194.3150011,611658900.066,1348477047.941392
Congo,2004.0,0.0,0.0,0.0
Costa Rica,2004.0,1423.9400005,85436400.03,188355020.23556402
Côte d'Ivoire,2004.0,2572.7339994,154364039.96400002,340314454.5047919
Cuba,2004.0,24.838,1490280.0,3285505.000890618
Democratic Republic of Congo,2004.0,252.586,15155160.0,33411408.573756248
Dominican Republic,2004.0,45.5640004,2733840.0239999997,6027085.561429346
Ecuador,2004.0,703.9210016,42235260.096,93112809.84736021
El Salvador,2004.0,1327.5330002,79651980.01200001,175602557.00959927
Equatorial Guinea,2004.0,0.0,0.0,0.0
Ethiopia,2004.0,2490.944,149456640.0,329495489.5296916
Gabon,2004.0,0.0,0.0,0.0
Ghana,2004.0,22.10685,1326411.0000000002,2924235.696470681
Guatemala,2004.0,3309.5810002,198574860.01199996,437782628.51315206
Guinea,2004.0,296.202,17772120.0,39180817.79023282
Guyana,2004.0,0.6408565,38451.39000000001,84770.80423557688
Haiti,2004.0,32.0559998,1923359.9880000001,4240282.939505945
Honduras,2004.0,2779.189,166751340.0,367623776.38780075
India,2004.0,3647.3365209,218840191.254,482460036.20854896
Indonesia,2004.0,5455.5989996,327335939.976,721652218.2156234
Jamaica,2004.0,29.1904905,1751429.43,3861240.941951851
Kenya,2004.0,753.598,45215880.0,99683951.91485497
Lao People's Democratic Republic,2004.0,267.06666,16023999.600000001,35326872.010675356
Liberia,2004.0,0.0,0.0,0.0
Madagascar,2004.0,127.034,7622040.0,16803721.808645573
Malawi,2004.0,25.737,1544220.0,3404422.345113207
Mexico,2004.0,2361.9313219,141715879.31399998,312430033.41100883
Nepal,2004.0,1.4566661,87399.96600000001,192683.9421925209
Nicaragua,2004.0,1311.3499996,78680999.976,173461912.4568689
Nigeria,2004.0,5.6191904,337151.424,743291.6563393411
Panama,2004.0,99.145,5948700.0,13114638.590599095
Papua New Guinea,2004.0,1047.6650115,62859900.69,138582359.0684184
Paraguay,2004.0,17.2017367,1032104.202,2275400.271835642
Peru,2004.0,3184.062,191043720.0,421179306.8743773
Philippines,2004.0,28.8129993,1728779.958,3811307.403607693
Rwanda,2004.0,450.444,27026640.0,59583541.93659609
Sierra Leone,2004.0,22.9460001,1376760.0059999998,3035236.2540859412
Sri Lanka,2004.0,6.913303,414798.18,914473.4511302082
Tanzania,2004.0,552.8320004,33169920.024,73127156.0498657
Thailand,2004.0,419.8139997,25188839.982,55531886.44247695
Timor-Leste,2004.0,22.4361888,1346171.328,2967799.762594656
Togo,2004.0,148.541,8912460.0,19648610.93233325
Trinidad & Tobago,2004.0,2.1864285,131185.71,289214.98392945377
Uganda,2004.0,2627.011,157620660.0,347494072.7069274
Venezuela,2004.0,169.8346224,10190077.344,22465275.030983567
Viet Nam,2004.0,14858.9909998,891539459.988,1965508061.7614777
Yemen,2004.0,44.6280631,2677683.786,5903282.248776554
Zambia,2004.0,103.755,6225300.0,13724437.207802806
Zimbabwe,2004.0,113.0079995,6780479.97,14948399.52886281
Angola,2005.0,4.665,279900.0,617073.871855815
Bolivia (Plurinational State of),2005.0,84.2137507,5052825.042,11139572.391843377
Brazil,2005.0,26198.0554467,1571883326.802,3465409541.1765256
Burundi,2005.0,371.441,22286460.0,49133233.87695515
Cameroon,2005.0,704.3954,42263724.0,93175562.01402476
Central African Republic,2005.0,46.5612127,2793672.7619999996,6158994.16915137
Colombia,2005.0,10871.2469708,652274818.248,1438019819.9726381
Congo,2005.0,0.0,0.0,0.0
Costa Rica,2005.0,1480.3359848,88820159.088,195814932.00172067
Côte d'Ivoire,2005.0,1753.849255,105230955.30000001,231994544.57326618
Cuba,2005.0,23.684,1421040.0,3132856.930553724
Democratic Republic of Congo,2005.0,157.53,9451800.0,20837652.09720183
Dominican Republic,2005.0,41.7670926,2506025.556,5524840.631691824
Ecuador,2005.0,993.4850211,59609101.266,131415573.11917108
El Salvador,2005.0,1279.8806251,76792837.506,169299226.76177874
Equatorial Guinea,2005.0,0.0,0.0,0.0
Ethiopia,2005.0,2435.069,146104140.0,322104492.18993944
Gabon,2005.0,0.0,0.0,0.0
Ghana,2005.0,17.5438,1052628.0,2320647.501192722
Guatemala,2005.0,3465.7933198,207947599.18800002,458445981.32926154
Guinea,2005.0,279.4150001,16764900.006000001,36960277.80628081
Guyana,2005.0,0.5278055,31668.33,69816.71671421101
Haiti,2005.0,25.0990003,1505940.018,3320029.4308319963
Honduras,2005.0,2391.90535,143514321.0,316394918.63604254
India,2005.0,2828.9324247,169735945.482,374203705.1507155
Indonesia,2005.0,6744.09393,404645635.79999995,892090922.5175561
Jamaica,2005.0,15.3134398,918806.388,2025621.3480850884
Kenya,2005.0,673.14,40388400.0,89041180.30032654
Lao People's Democratic Republic,2005.0,236.8999992,14213999.952,31336505.841154013
Liberia,2005.0,0.78,46800.0,103176.33870258
Madagascar,2005.0,96.016,5760960.0,12700742.739572976
Malawi,2005.0,20.867,1252020.0,2760231.615008637
Mexico,2005.0,1984.8029797,119088178.782,262544492.9377144
Nepal,2005.0,1.1433329,68599.974,151237.05453872183
Nicaragua,2005.0,1002.5431542,60152589.252,132613759.02781036
Nigeria,2005.0,8.3579018,501474.108,1105561.16276885
Panama,2005.0,90.3745078,5422470.468,11954501.060066357
Papua New Guinea,2005.0,1199.6407098,71978442.588,158685302.81503627
Paraguay,2005.0,23.763649,1425818.9400000002,3143392.6897861883
Peru,2005.0,2369.4378155,142166268.93,313422972.5470888
Philippines,2005.0,34.4145416,2064872.4959999998,4552264.615917473
Rwanda,2005.0,235.5991667,14135950.002,31164435.155749753
Sierra Leone,2005.0,20.3848082,1223088.492,2696448.557987603
Sri Lanka,2005.0,2.5089192,150535.152,331873.2014828283
Tanzania,2005.0,711.7568673,42705412.037999995,94149317.4544001
Thailand,2005.0,374.5679999,22474079.994,49546865.16003891
Timor-Leste,2005.0,18.4012047,1104072.2820000001,2434062.7290547527
Togo,2005.0,163.99795,9839877.0,21693215.430421513
Trinidad & Tobago,2005.0,0.7738187,46429.121999999996,102358.6926738335
Uganda,2005.0,2368.692,142121520.0,313324318.0437072
Venezuela,2005.0,22.0685575,1324113.45,2919170.4657658488
Viet Nam,2005.0,13432.0335533,805922013.198,1776753901.743205
Yemen,2005.0,77.8692027,4672152.1620000005,10300332.349070586
Zambia,2005.0,105.8024333,6348145.998000001,13995266.273997346
Zimbabwe,2005.0,70.8847161,4253082.966,9376442.919448495
Angola,2006.0,5.41,324600.0,715620.50305251
Bolivia (Plurinational State of),2006.0,92.5442368,5552654.208,12241507.078267394
Brazil,2006.0,27368.9019587,1642134117.522,3620286023.600688
Burundi,2006.0,280.927,16855620.0,37160281.1573073
Cameroon,2006.0,739.1189167,44347135.002,97768697.03964514
Central African Republic,2006.0,16.517692,991061.5199999999,2184916.6466370462
Colombia,2006.0,10944.8534601,656691207.606,1447756291.8581822
Congo,2006.0,0.0,0.0,0.0
Costa Rica,2006.0,1310.3694086,78622164.516,173332202.47078598
Côte d'Ivoire,2006.0,1751.0699381,105064196.286,231626903.87860435
Cuba,2006.0,15.9333333,955999.9979999999,2107619.2220793543
Democratic Republic of Congo,2006.0,138.0938333,8285629.998,18266687.32986977
Dominican Republic,2006.0,124.6719635,7480317.81,16491277.86255345
Ecuador,2006.0,1014.7792186,60886753.116000004,134232313.29052958
El Salvador,2006.0,1292.8146082,77568876.49200001,171010099.8657519
Equatorial Guinea,2006.0,0.0,0.0,0.0
Ethiopia,2006.0,2935.56,176133600.0,388308119.0278792
Gabon,2006.0,1.091,65460.0,144314.596826301
Ghana,2006.0,8.8198133,529188.798,1166661.59530041
Guatemala,2006.0,3312.1092313,198726553.87800002,438117056.2417317
Guinea,2006.0,518.9227253,31135363.518000003,68641726.75130601
Guyana,2006.0,1.7099359,102596.15400000001,226185.8020232064
Haiti,2006.0,23.7869002,1427214.012,3146468.2970764977
Honduras,2006.0,2898.4144369,173904866.21400002,383394602.10518223
India,2006.0,3578.2750866,214696505.196,473324772.1872377
Indonesia,2006.0,5280.4349134,316826094.804,698481975.7972912
Jamaica,2006.0,24.6042409,1476254.4540000001,3254583.9648952205
Kenya,2006.0,597.133,35827980.0,78987175.20318936
Lao People's Democratic Republic,2006.0,119.8643382,7191860.292,15855337.892927948
Liberia,2006.0,0.446,26760.0,58995.701360706
Madagascar,2006.0,178.72,10723200.0,23640609.29862192
Malawi,2006.0,17.42,1045200.0,2304271.56435762
Mexico,2006.0,2570.0749433,154204496.598,339962721.59094214
Nepal,2006.0,1.3865629,83193.77399999999,183410.87615747633
Nicaragua,2006.0,1445.3033968,86718203.808,191180913.8413156
Nigeria,2006.0,27.9514577,1677087.4619999998,3697344.957546202
Panama,2006.0,106.9430052,6416580.312,14146138.11075253
Papua New Guinea,2006.0,848.8072127,50928432.762,112277974.96247189
Paraguay,2006.0,24.8122533,1488735.1979999999,3282099.2954551387
Peru,2006.0,3881.0259992,232861559.952,513371862.8294592
Philippines,2006.0,38.0869695,2285218.17,5038043.6734446585
Rwanda,2006.0,388.9674653,23338047.918,51451588.3898421
Sierra Leone,2006.0,50.9830177,3058981.062,6743898.849095937
Sri Lanka,2006.0,7.4294345,445766.07,982745.9619751706
Tanzania,2006.0,731.5407483,43892444.898,96766276.95043541
Thailand,2006.0,540.0988174,32405929.044000003,71442844.25246835
Timor-Leste,2006.0,49.3015394,2958092.364,6521477.343196144
Togo,2006.0,117.8949833,7073698.998000001,15594836.83114848
Trinidad & Tobago,2006.0,0.7917137,47502.822,104725.79598291386
Uganda,2006.0,2172.889,130373340.0,287424014.6501415
Venezuela,2006.0,64.8685815,3892114.8900000006,8580644.533333225
Viet Nam,2006.0,13904.70204,834282122.4000001,1839277240.048071
Yemen,2006.0,60.5650481,3633902.886,8011384.508081602
Zambia,2006.0,77.9461333,4676767.998,10310508.525534935
Zimbabwe,2006.0,54.2412331,3254473.9860000005,7174886.971757941
Angola,2007.0,3.916,234960.0,517998.131229876
Bolivia (Plurinational State of),2007.0,84.0471555,5042829.33,11117535.619046679
Brazil,2007.0,28183.5739472,1691014436.832,3728048681.314765
Burundi,2007.0,356.114,21366840.0,47105818.82144945
Cameroon,2007.0,720.62075,43237245.0,95321808.4334708
Central African Republic,2007.0,121.9396667,7316380.002,16129856.86246015
Colombia,2007.0,11300.4206901,678025241.4059999,1494789785.3889747
Congo,2007.0,0.0,0.0,0.0
Costa Rica,2007.0,1363.8501555,81831009.33000001,180406494.33773643
Côte d'Ivoire,2007.0,2195.6015148,131736090.888,290428366.08577245
Cuba,2007.0,15.64,938400.0,2068817.8683440401
Democratic Republic of Congo,2007.0,199.9877167,11999263.002,26453846.659736942
Dominican Republic,2007.0,77.8296446,4669778.676,10295099.708142342
Ecuador,2007.0,991.1147872,59466887.232,131102044.84267013
El Salvador,2007.0,1210.3587142,72621522.85199998,160103052.1127159
Equatorial Guinea,2007.0,0.0,0.0,0.0
Ethiopia,2007.0,2604.008,156240480.0,344451296.6567025
Gabon,2007.0,0.403,24180.0,53307.774996333
Ghana,2007.0,22.12315,1327388.9999999998,2926391.8173948494
Guatemala,2007.0,3726.1669582,223570017.49199998,492887518.1302634
Guinea,2007.0,435.6941632,26141649.792,57632472.50392354
Guyana,2007.0,1.9134498,114806.988,253106.0828912615
Haiti,2007.0,20.8177303,1249063.818,2753714.3492971314
Honduras,2007.0,3312.0085632,198720513.79200003,438103740.13149816
India,2007.0,3319.4056657,199164339.942,439082209.3019567
Indonesia,2007.0,4149.4101006,248964606.036,548873002.5069387
Jamaica,2007.0,22.7331535,1363989.21,3007081.4683253104
Kenya,2007.0,817.466,49047960.0,108132242.17159393
Lao People's Democratic Republic,2007.0,251.6878422,15101270.532000002,33292602.63352399
Liberia,2007.0,2.3353334,140120.004,308911.73059211246
Madagascar,2007.0,99.4513715,5967082.29,13155164.602974502
Malawi,2007.0,18.875,1132500.0,2496735.119245125
Mexico,2007.0,2912.3017258,174738103.548,385231575.9810886
Nepal,2007.0,1.9198957,115193.742,253958.72950875247
Nicaragua,2007.0,1259.3465787,75560794.722,166583037.36908528
Nigeria,2007.0,9.4129532,564777.192,1245120.5737881209
Panama,2007.0,108.8952921,6533717.526000001,14404381.462597417
Papua New Guinea,2007.0,908.7452539,54524715.234,120206420.6548057
Paraguay,2007.0,31.48511,1889106.6,4164767.1454461394
Peru,2007.0,2879.4942892,172769657.352,380891894.96749234
Philippines,2007.0,32.4238816,1945432.896,4288945.371812758
Rwanda,2007.0,255.5357195,15332143.17,33801589.67402497
Sierra Leone,2007.0,51.0899843,3065399.0579999997,6758048.10826448
Sri Lanka,2007.0,4.2543587,255261.522,562755.3258890614
Tanzania,2007.0,807.2481667,48434890.002,106780654.18522559
Thailand,2007.0,365.4450574,21926703.444,48340106.435238704
Timor-Leste,2007.0,31.2524211,1875145.266,4133987.672678536
Togo,2007.0,154.9078833,9294472.998000002,20490805.429564793
Trinidad & Tobago,2007.0,0.7603987,45623.922,100583.53053871989
Uganda,2007.0,2693.187,161591220.0,356247659.10434014
Venezuela,2007.0,70.3796585,4222779.510000001,9309635.23483066
Viet Nam,2007.0,17936.2186134,1076173116.8040001,2372555598.332921
Yemen,2007.0,72.2408778,4334452.6680000005,9555832.405210888
Zambia,2007.0,53.682,3220920.0,7100913.095169102
Zimbabwe,2007.0,32.4034668,1944208.008,4286244.956018725
Angola,2008.0,6.105,366300.0,807553.266383655
Bolivia (Plurinational State of),2008.0,68.1538912,4089233.472,9015216.618397418
Brazil,2008.0,29510.2956935,1770617741.6100001,3903543927.8023643
Burundi,2008.0,250.6982333,15041893.998,33161699.78346054
Cameroon,2008.0,527.0159667,31620958.002,69712279.33577798
Central African Republic,2008.0,32.633,1957980.0000000002,4316607.001129864
Colombia,2008.0,11085.1702037,665110212.222,1466317019.8880756
Congo,2008.0,0.0,0.0,0.0
Costa Rica,2008.0,1440.082759,86404965.53999999,190490341.66965368
Côte d'Ivoire,2008.0,1490.2354749,89414128.494,197124410.39087507
Cuba,2008.0,3.85,231000.0,509267.82564735
Democratic Republic of Congo,2008.0,203.2036167,12192217.001999998,26879237.41311338
Dominican Republic,2008.0,81.6146814,4896880.884,10795774.373371225
Ecuador,2008.0,868.4560753,52107364.51799999,114877074.5813668
El Salvador,2008.0,1438.2105592,86292633.552,190242692.02775154
Equatorial Guinea,2008.0,0.0,0.0,0.0
Ethiopia,2008.0,2851.92097,171115258.20000002,377244569.17142373
Gabon,2008.0,0.421,25260.0,55688.767427931
Ghana,2008.0,36.0898333,2165389.998,4773867.774718527
Guatemala,2008.0,3777.5902024,226655412.14400002,499689648.9773977
Guinea,2008.0,208.1745163,12490470.978,27536774.875659693
Guyana,2008.0,1.5186997,91121.98199999999,200889.58286500847
Haiti,2008.0,17.2008609,1032051.654,2275284.423326109
Honduras,2008.0,3259.4549512,195567297.072,431152087.21899045
India,2008.0,3376.6686651,202600119.906,446656807.5342901
Indonesia,2008.0,5740.6730453,344440382.718,759361059.6187745
Jamaica,2008.0,20.7753657,1246521.9419999998,2748110.4719655933
Kenya,2008.0,608.429,36505740.0,80481380.23137441
Lao People's Democratic Republic,2008.0,258.1046117,15486276.702,34141395.94545781
Liberia,2008.0,1.73,103800.0,228839.82814803
Madagascar,2008.0,196.1874116,11771244.695999999,25951152.34413342
Malawi,2008.0,20.554,1233240.0,2718828.802170294
Mexico,2008.0,2448.0008062,146880048.372,323815077.3393335
Nepal,2008.0,1.0365625,62193.75,137113.74818768344
Nicaragua,2008.0,1625.1105737,97506634.422,214965332.02719912
Nigeria,2008.0,1.8876655,113259.93000000001,249695.4038271475
Panama,2008.0,113.9523965,6837143.79,15073321.868275246
Papua New Guinea,2008.0,1095.9213703,65755282.218,144965582.68393385
Paraguay,2008.0,0.8390233,50341.398,110983.78484635435
Peru,2008.0,3732.567,223954020.0,493734098.74624735
Philippines,2008.0,4.3929507,263577.042,581087.9093935076
Rwanda,2008.0,326.0684598,19564107.588,43131474.164812036
Sierra Leone,2008.0,25.7117922,1542707.532,3401087.9239455825
Sri Lanka,2008.0,1.700505,102030.29999999999,224938.30749414203
Tanzania,2008.0,817.9361667,49076170.002,108194434.58016555
Thailand,2008.0,175.0425515,10502553.09,23154166.12939462
Timor-Leste,2008.0,49.6075279,2976451.674,6561952.693343702
Togo,2008.0,120.6589,7239534.000000001,15960440.42805222
Trinidad & Tobago,2008.0,1.2597838,75587.02799999999,166640.87184720935
Uganda,2008.0,3310.65,198639000.0,437924032.98166215
Venezuela,2008.0,125.4862776,7529176.656,16598993.179722536
Viet Nam,2008.0,16101.3720357,966082322.1420001,2129846941.9636326
Yemen,2008.0,66.5796,3994776.0000000005,8806973.538823457
Zambia,2008.0,48.4856667,2909140.0020000003,6413555.858537955
Zimbabwe,2008.0,23.1005954,1386035.724,3055685.711822643
Angola,2009.0,6.925,415500.0,916020.699378675
Bolivia (Plurinational State of),2009.0,82.6087731,4956526.386,10927270.196372025
Brazil,2009.0,30377.9816361,1822678898.1660001,4018319131.2653966
Burundi,2009.0,288.83,17329800.0,38205669.11213613
Cameroon,2009.0,617.7570333,37065421.998,81715267.82520743
Central African Republic,2009.0,61.582,3694920.0,8145904.217926002
Colombia,2009.0,7893.9267953,473635607.71799994,1044187775.2887751
Congo,2009.0,0.0,0.0,0.0
Costa Rica,2009.0,1235.6451535,74138709.21000001,163447875.47912496
Côte d'Ivoire,2009.0,1806.5257164,108391542.984,238962447.67975304
Cuba,2009.0,7.462,447720.0,987053.640254682
Democratic Republic of Congo,2009.0,161.0017333,9660103.998000002,21296883.80341443
Dominican Republic,2009.0,102.396398,6143783.88,13544724.925605366
Ecuador,2009.0,1086.2174004,65173044.02400001,143681967.19013637
El Salvador,2009.0,1309.200353,78552021.17999999,173177562.8854683
Equatorial Guinea,2009.0,0.0,0.0,0.0
Ethiopia,2009.0,1851.4974532,111089847.192,244911190.1773429
Gabon,2009.0,0.675,40500.0,89287.216184925
Ghana,2009.0,23.6753833,1420522.9980000001,3131717.1362489825
Guatemala,2009.0,3492.8219874,209569319.244,462021262.05102694
Guinea,2009.0,438.7856007,26327136.041999996,58041399.68671566
Guyana,2009.0,1.3673275,82039.65000000001,180866.46827865636
Haiti,2009.0,15.9158744,954952.464,2105309.804925798
Honduras,2009.0,3084.1878284,185051269.704,407968215.39150393
India,2009.0,3006.5624631,180393747.786,397700137.209319
Indonesia,2009.0,7907.2735156,474436410.936,1045953244.1788284
Jamaica,2009.0,24.8305172,1489831.032,3284515.195881331
Kenya,2009.0,524.748,31484880.0,69412278.69423263
Lao People's Democratic Republic,2009.0,263.8617763,15831706.577999998,34902938.464350246
Liberia,2009.0,9.12,547200.0,1206369.49867632
Madagascar,2009.0,39.6371367,2378228.202,5243095.694050851
Malawi,2009.0,17.575,1054500.0,2324774.554740825
Mexico,2009.0,2838.0964497,170285786.982,375415898.1600474
Nepal,2009.0,1.508308,90498.48,199514.9962510398
Nicaragua,2009.0,1373.9991304,82439947.824,181748973.9169241
Nigeria,2009.0,0.6424879,38549.274,84986.60151629403
Panama,2009.0,58.994871,3539692.2600000002,7803685.630783352
Papua New Guinea,2009.0,1026.9728297,61618369.78199999,135845251.94291562
Paraguay,2009.0,0.0182929,1097.574,2419.736469554392
Peru,2009.0,3073.578,184414680.0,406564775.32922876
Philippines,2009.0,6.7312925,403877.55000000005,890397.5831873546
Rwanda,2009.0,304.3162559,18258975.354,40254150.117230006
Sierra Leone,2009.0,103.7334566,6224007.396,13721587.50378331
Sri Lanka,2009.0,0.6494178,38965.06800000001,85903.27037472355
Tanzania,2009.0,1156.9443168,69416659.008,153037536.78228438
Thailand,2009.0,185.3875587,11123253.522,24522576.343173888
Timor-Leste,2009.0,43.1972278,2591833.668,5714015.136545262
Togo,2009.0,151.7037833,9102226.998,20066975.549004614
Trinidad & Tobago,2009.0,0.1432195,8593.17,18944.696975402763
Uganda,2009.0,3014.351,180861060.0,398730384.28777015
Venezuela,2009.0,18.181522,1090891.32,2405003.6820518076
Viet Nam,2009.0,17051.7344765,1023104068.59,2255558374.120288
Yemen,2009.0,39.3638493,2361830.958,5206945.958992458
Zambia,2009.0,32.5476667,1952860.002,4305319.3377152365
Zimbabwe,2009.0,18.4785659,1108713.954,2444295.86414916
Angola,2010.0,4.37,262200.0,578052.05144907
Bolivia (Plurinational State of),2010.0,78.2680061,4696080.366,10353085.00890923
Brazil,2010.0,33166.6415897,1989998495.382,4387195700.36662
Burundi,2010.0,307.1189581,18427137.485999998,40624884.157575734
Cameroon,2010.0,793.8456667,47630740.002000004,105007806.90386492
Central African Republic,2010.0,95.194,5711640.0,12592010.751863334
Colombia,2010.0,7821.6345037,469298070.222,1034625142.0019711
Congo,2010.0,0.0,0.0,0.0
Costa Rica,2010.0,1199.9826173,71998957.03799999,158730529.43558106
Côte d'Ivoire,2010.0,1912.0534425,114723206.55000001,252921376.41130012
Cuba,2010.0,5.26,315600.0,695778.89945586
Democratic Republic of Congo,2010.0,162.1096,9726576.0,21443429.482743286
Dominican Republic,2010.0,41.1307737,2467846.422,5440670.049192782
Ecuador,2010.0,1201.5527269,72093163.614,158938219.3841577
El Salvador,2010.0,1081.7666259,64905997.554000005,143093230.5012892
Equatorial Guinea,2010.0,0.0,0.0,0.0
Ethiopia,2010.0,3324.1025511,199446153.06599998,439703500.8902613
Gabon,2010.0,0.81,48600.0,107144.65942191001
Ghana,2010.0,6.6219345,397316.07,875931.9959465382
Guatemala,2010.0,3468.0876782,208085260.692,458749472.9951378
Guinea,2010.0,405.5585284,24333511.704,53646210.37169014
Guyana,2010.0,0.8025006,48150.036,106152.65860849188
Haiti,2010.0,8.7403186,524419.116,1156146.2464641794
Honduras,2010.0,3349.3976392,200963858.352,443049468.29707825
India,2010.0,4647.2811106,278836866.63600004,614730063.9914972
Indonesia,2010.0,5489.1475563,329348853.378,726089932.6374977
Jamaica,2010.0,15.4349302,926095.812,2041691.7771357447
Kenya,2010.0,531.0926567,31865559.402000003,70251533.11555417
Lao People's Democratic Republic,2010.0,287.8578314,17271469.884000003,38077073.218867406
Liberia,2010.0,7.2159996,432959.976,954513.3574452332
Madagascar,2010.0,73.5849035,4415094.21,9733616.572964955
Malawi,2010.0,8.1198898,487193.3879999999,1074077.5644005442
Mexico,2010.0,2497.5399854,149852399.124,330367989.0472655
Nepal,2010.0,1.0366255,62197.52999999999,137122.081661194
Nicaragua,2010.0,1711.8160583,102708963.498,226434504.3944567
Nigeria,2010.0,3.0441525,182649.15000000002,402672.447951674
Panama,2010.0,65.3353264,3920119.584,8642384.315243611
Papua New Guinea,2010.0,929.3412071,55760472.426,122930798.91540276
Paraguay,2010.0,0.1959806,11758.836000000001,25923.795852224168
Peru,2010.0,3816.67104,229000262.4,504859158.896626
Philippines,2010.0,6.3665458,381992.748,842149.8536234464
Rwanda,2010.0,295.9629328,17757775.968,39149194.61279708
Sierra Leone,2010.0,57.5764861,3454589.1659999997,7616065.424561525
Sri Lanka,2010.0,1.6552438,99314.628,218951.27556941743
Tanzania,2010.0,555.8019331,33348115.986,73520010.89881322
Thailand,2010.0,369.627534,22177652.040000003,48893353.38690181
Timor-Leste,2010.0,68.0392678,4082356.068,9000054.537959417
Togo,2010.0,198.1077,11886461.999999998,26205163.01896039
Trinidad & Tobago,2010.0,0.5000756,30004.535999999996,66148.6788237127
Uganda,2010.0,2656.536,159392160.0,351399561.6815347
Venezuela,2010.0,19.0843108,1145058.648,2524422.1987257763
Viet Nam,2010.0,14228.5857964,853715147.784,1882119727.4206223
Yemen,2010.0,43.5304245,2611825.47,5758089.515486009
Zambia,2010.0,17.8713333,1072279.998,2363972.7405480724
Zimbabwe,2010.0,7.434416,446064.95999999996,983404.9016306153
Angola,2011.0,7.575,454500.0,1002000.981630825
Bolivia (Plurinational State of),2011.0,74.3088833,4458532.998,9829382.7076555
Brazil,2011.0,33806.0093278,2028360559.668,4471769575.112399
Burundi,2011.0,217.8457992,13070747.952,28816066.61947876
Cameroon,2011.0,490.2830667,29416984.002,64853348.397408746
Central African Republic,2011.0,77.943,4676580.0,10310094.060891273
Colombia,2011.0,7733.625254,464017515.24,1022983511.0327312
Congo,2011.0,0.0,0.0,0.0
Costa Rica,2011.0,1243.0599349,74583596.094,164428683.1677557
Côte d'Ivoire,2011.0,772.2421667,46334530.002,102150153.01519673
Cuba,2011.0,9.755,585300.0,1290365.620568805
Democratic Republic of Congo,2011.0,131.6650667,7899904.002000001,17416307.07325255
Dominican Republic,2011.0,88.5978933,5315873.597999999,11719495.18904595
Ecuador,2011.0,1532.2566057,91935396.342,202682854.52431893
El Salvador,2011.0,1826.30685,109578410.99999999,241579043.75697684
Equatorial Guinea,2011.0,0.0,0.0,0.0
Ethiopia,2011.0,2675.4190125,160525140.75,353897356.6731053
Gabon,2011.0,0.7523333,45139.998,99516.66074106375
Ghana,2011.0,72.0727358,4324364.148000001,9533591.025797904
Guatemala,2011.0,3696.8254983,221809529.898,489006307.3550447
Guinea,2011.0,384.5238255,23071429.529999997,50863795.46025611
Guyana,2011.0,0.5902795,35416.77,78080.61233485842
Haiti,2011.0,8.6211063,517266.37799999997,1140377.158461213
Honduras,2011.0,3947.1411511,236828469.06599998,522117400.4010065
India,2011.0,5414.0105768,324840634.608,716151011.5529068
Indonesia,2011.0,3919.891883,235193512.98,518512939.2280796
Jamaica,2011.0,16.0598548,963591.2880000001,2124355.1517423787
Kenya,2011.0,609.163192,36549791.52,80578497.2088933
Lao People's Democratic Republic,2011.0,420.9658948,25257953.688,55684256.08220444
Liberia,2011.0,7.8793162,472758.972,1042255.1243537507
Madagascar,2011.0,143.9107205,8634643.23,19036129.796461955
Malawi,2011.0,25.8532829,1551196.974,3419803.939825666
Mexico,2011.0,2906.5175744,174391054.464,384466463.7196098
Nepal,2011.0,3.7482843,224897.058,495813.1416543115
Nicaragua,2011.0,1467.7097989,88062587.93399999,194144773.4979512
Nigeria,2011.0,6.5539994,393239.96400000004,866945.7204498796
Panama,2011.0,53.0888441,3185330.646,7022452.000243675
Papua New Guinea,2011.0,1224.5226685,73471360.11,161976622.55659372
Paraguay,2011.0,0.0199421,1196.526,2637.888287231693
Peru,2011.0,4697.069665,281824179.9,621315962.3918641
Philippines,2011.0,10.3260753,619564.5179999999,1365905.9520783913
Rwanda,2011.0,276.8116826,16608700.956,36615917.84713932
Sierra Leone,2011.0,37.3870282,2243221.692,4945457.288007833
Sri Lanka,2011.0,2.3540694,141244.16400000002,311390.07915869146
Tanzania,2011.0,798.0999333,47885995.997999996,105570550.04700936
Thailand,2011.0,242.7539545,14565237.27,32110851.578054737
Timor-Leste,2011.0,38.7211688,2323270.128,5121933.880857145
Togo,2011.0,155.0841667,9305050.002,20514123.731854588
Trinidad & Tobago,2011.0,0.2998397,17990.381999999998,39662.00313292304
Uganda,2011.0,3142.011,188520660.0,415616911.72209245
Venezuela,2011.0,0.467082,28024.92,61784.3726075365
Viet Nam,2011.0,17717.3947313,1063043683.878,2343610153.492199
Yemen,2011.0,35.2766883,2116601.298,4666307.1030078735
Zambia,2011.0,9.003,540180.0,1190893.047870933
Zimbabwe,2011.0,4.5622061,273732.36600000004,603476.5664161239
Angola,2012.0,8.375,502500.0,1107822.867479625
Bolivia (Plurinational State of),2012.0,62.67578,3760546.8000000003,8290586.545805628
Brazil,2012.0,28549.4258909,1712965553.4539998,3776442609.5944934
Burundi,2012.0,392.0069167,23520415.002,51853638.988709316
Cameroon,2012.0,621.8128,37308768.0,82251753.92615338
Central African Republic,2012.0,77.692,4661520.0,10276892.444206212
Colombia,2012.0,7170.203291,430212197.46000004,948455542.7161152
Congo,2012.0,0.0,0.0,0.0
Costa Rica,2012.0,1373.6671636,82420029.816,181705062.2259051
Côte d'Ivoire,2012.0,1711.7656167,102705937.00199999,226427832.11291015
Cuba,2012.0,15.312,918720.0,2025430.895146032
Democratic Republic of Congo,2012.0,146.3839333,8783035.998,19363279.84971369
Dominican Republic,2012.0,137.3830166,8242980.996,18172662.375261243
Ecuador,2012.0,1579.5909418,94775456.50800002,208944115.41369763
El Salvador,2012.0,1043.9860098,62639160.58799999,138095710.44599974
Equatorial Guinea,2012.0,0.0,0.0,0.0
Ethiopia,2012.0,3202.5924066,192155544.396,423630460.0893236
Gabon,2012.0,0.0,0.0,0.0
Ghana,2012.0,30.4670629,1828023.7739999997,4030102.565440011
Guatemala,2012.0,3750.1125361,225006752.166,496054975.8941601
Guinea,2012.0,377.2035436,22632212.615999997,49895487.91575256
Guyana,2012.0,1.7670196,106021.176,233736.6830047403
Haiti,2012.0,11.0616719,663700.314,1463208.7263733484
Honduras,2012.0,5507.9849391,330479096.346,728581691.8529373
India,2012.0,5043.961929,302637715.74,667201954.3454138
Indonesia,2012.0,8205.7408259,492344449.554,1085433711.2290347
Jamaica,2012.0,14.9194512,895167.0719999999,1973505.5772664277
Kenya,2012.0,802.8862824,48173176.944,106203675.65712525
Lao People's Democratic Republic,2012.0,359.7618969,21585713.814,47588352.98312444
Liberia,2012.0,2.8109667,168658.002,371827.24656522257
Madagascar,2012.0,78.9174707,4735048.242,10438994.469864273
Malawi,2012.0,19.5299992,1171799.9519999998,2583376.682461944
Mexico,2012.0,3556.455805,213387348.3,470438575.27876514
Nepal,2012.0,1.4285702,85714.212,188967.49078924675
Nicaragua,2012.0,1987.3021469,119238128.81400001,262875076.17040873
Nigeria,2012.0,1.6620094,99720.56400000001,219846.21125804074
Panama,2012.0,50.5928326,3035569.9560000002,6692286.19520581
Papua New Guinea,2012.0,924.9300992,55495805.952,122347309.21957707
Paraguay,2012.0,0.006549,392.94,866.284413029739
Peru,2012.0,4310.3519216,258621115.296,570161961.2696387
Philippines,2012.0,3.0909913,185459.478,408868.1606352924
Rwanda,2012.0,250.844586,15050675.159999998,33181058.931851864
Sierra Leone,2012.0,65.2700743,3916204.4580000006,8633752.939896619
Sri Lanka,2012.0,0.1529592,9177.552,20233.03875240471
Tanzania,2012.0,756.221317,45373279.02,100030957.35500401
Thailand,2012.0,349.7193662,20983161.972000003,46259953.56141386
Timor-Leste,2012.0,55.8770497,3352622.9820000003,7391268.4686514065
Togo,2012.0,147.3904467,8843426.802,19496418.7823638
Trinidad & Tobago,2012.0,1.4482379,86894.274,191569.0821696323
Uganda,2012.0,2685.237,161114220.0,355196054.11371773
Venezuela,2012.0,2.3147761,138886.566,306192.46527466306
Viet Nam,2012.0,22919.6638324,1375179829.944,3031752562.2063785
Yemen,2012.0,62.6515962,3759095.772,8287387.57665189
Zambia,2012.0,7.0757268,424543.608,935958.4421586187
Zimbabwe,2012.0,4.0035378,240212.268,529577.4000786949
Angola,2013.0,5.52,331200.0,730171.01235672
Bolivia (Plurinational State of),2013.0,54.8505333,3291031.998,7255483.592023005
Brazil,2013.0,31650.5629454,1899033776.724,4186652823.8229723
Burundi,2013.0,194.7158834,11682953.003999999,25756502.48262881
Cameroon,2013.0,271.9492167,16316953.002000002,35972723.70787247
Central African Republic,2013.0,1.0,60000.0,132277.357311
Colombia,2013.0,9669.907367,580194442.02,1279109791.9489303
Congo,2013.0,0.0,0.0,0.0
Costa Rica,2013.0,1343.9515865,80637095.19,177774364.2161458
Côte d'Ivoire,2013.0,1962.0707667,117724246.002,259537535.87624362
Cuba,2013.0,12.415,744900.0,1642223.391016065
Democratic Republic of Congo,2013.0,140.1253333,8407519.998,18535408.781247064
Dominican Republic,2013.0,64.7233119,3883398.714,8561428.654547598
Ecuador,2013.0,1262.12591,75727554.6,166950679.96854103
El Salvador,2013.0,1102.743425,66164605.499999985,145867986.0510809
Equatorial Guinea,2013.0,0.0,0.0,0.0
Ethiopia,2013.0,2870.0752483,172204514.898,379645969.12883615
Gabon,2013.0,0.0,0.0,0.0
Ghana,2013.0,22.6105125,1356630.7499999998,2990858.8409473314
Guatemala,2013.0,3575.0113969,214500683.814,472893059.93863857
Guinea,2013.0,134.2771324,8056627.944,17761824.221171256
Guyana,2013.0,1.1103907,66623.442,146879.5473787114
Haiti,2013.0,8.2794708,496768.2480000001,1095186.5173575913
Honduras,2013.0,4185.1189243,251107135.458,553596471.338659
India,2013.0,5032.6385291,301958311.746,665704124.9308661
Indonesia,2013.0,9254.8073308,555288439.848,1224201456.140694
Jamaica,2013.0,15.053724,903223.4400000001,1991266.8284091763
Kenya,2013.0,814.5422481,48872534.88600001,107745495.99682893
Lao People's Democratic Republic,2013.0,399.6511097,23979066.582000002,52864792.63752456
Liberia,2013.0,3.5393333,212359.99800000002,468173.6555668208
Madagascar,2013.0,166.1384486,9968306.916000001,21976354.92855741
Malawi,2013.0,28.7297071,1723782.426,3800289.7315070736
Mexico,2013.0,3132.049713,187922982.78,414299259.002316
Nepal,2013.0,1.2203518,73221.108,161424.91109372198
Nicaragua,2013.0,1660.5499878,99632999.268,219653164.0689973
Nigeria,2013.0,0.7212691,43276.146,95407.5704580834
Panama,2013.0,48.5491876,2912951.256,6421958.235323971
Papua New Guinea,2013.0,810.93264,48655958.4,107268026.57643253
Paraguay,2013.0,0.0081925,491.55000000000007,1083.6822497703677
Peru,2013.0,3736.0759796,224164558.77600002,494198257.2945936
Philippines,2013.0,6.092139,365528.34,805852.0472912783
Rwanda,2013.0,254.2667468,15256004.808,33633733.318769164
Sierra Leone,2013.0,56.9916375,3419498.2500000005,7538703.197326488
Sri Lanka,2013.0,0.2801537,16809.222,37057.9910768987
Tanzania,2013.0,934.7947801,56087686.806,123652183.13974538
Thailand,2013.0,49.3077027,2958462.162,6522292.60823246
Timor-Leste,2013.0,70.2399165,4214394.99,9291150.532365305
Togo,2013.0,90.7565333,5445391.998,12005034.38363177
Trinidad & Tobago,2013.0,2.4859161,149154.966,328830.4122048676
Uganda,2013.0,3671.879,220312740.0,485706450.48575735
Venezuela,2013.0,5.76347,345808.2,762376.5805412292
Viet Nam,2013.0,19717.7644142,1183065864.852,2608213768.791254
Yemen,2013.0,55.3491345,3320948.07,7321437.241111097
Zambia,2013.0,10.2548897,615293.382,1356489.7090317935
Zimbabwe,2013.0,2.1808035,130848.20999999999,288470.9237945794
Angola,2014.0,9.375,562500.0,1240100.224790625
Bolivia (Plurinational State of),2014.0,61.7512667,3705076.002,8168294.369682755
Brazil,2014.0,37335.1728254,2240110369.5239997,4938597996.093372
Burundi,2014.0,252.178,15130680.0,33357439.411973357
Cameroon,2014.0,375.0338667,22502032.001999997,49608488.78920184
Central African Republic,2014.0,75.027,4501620.0,9924373.286972398
Colombia,2014.0,10954.4083574,657264501.444,1449020188.4224045
Congo,2014.0,0.0,0.0,0.0
Costa Rica,2014.0,1208.9184979,72535109.87399998,159912544.10659567
Côte d'Ivoire,2014.0,1489.15115,89349069.0,196980978.75863656
Cuba,2014.0,13.241,794460.0,1751484.488154951
Democratic Republic of Congo,2014.0,150.577,9034620.0,19917927.631818447
Dominican Republic,2014.0,44.8342722,2690056.332,5930559.043578034
Ecuador,2014.0,1129.1651844,67749911.06400001,149362986.56002003
El Salvador,2014.0,461.64911,27698946.599999998,61065724.27577514
Equatorial Guinea,2014.0,0.0,0.0,0.0
Ethiopia,2014.0,3116.69037,187001422.2,412267565.70024276
Gabon,2014.0,0.0,0.0,0.0
Ghana,2014.0,26.4419779,1586518.674,3497674.9586878656
Guatemala,2014.0,3043.4385355,182606312.13,402578006.6144
Guinea,2014.0,24.1208056,1447248.336,3190636.4209803697
Guyana,2014.0,12.5399127,752394.7620000001,1658746.512866647
Haiti,2014.0,3.1414734,188488.404,415545.79941480205
Honduras,2014.0,4251.826667,255109600.02,562420395.2551973
India,2014.0,5130.9142699,307854856.19400007,678703780.2116711
Indonesia,2014.0,6174.8097126,370488582.75600004,816787510.6810235
Jamaica,2014.0,10.2486926,614921.556,1355669.9730208016
Kenya,2014.0,798.7267892,47923607.352,105653468.88887617
Lao People's Democratic Republic,2014.0,369.726347,22183580.819999997,48906424.109409764
Liberia,2014.0,1.3456667,80740.002,178001.23489741422
Madagascar,2014.0,137.8095917,8268575.501999999,18229088.60218392
Malawi,2014.0,25.5353073,1532118.438,3377742.967768287
Mexico,2014.0,2479.5268094,148771608.56399998,327985253.7292076
Nepal,2014.0,0.8629222,51775.331999999995,114145.06818099419
Nicaragua,2014.0,1900.6373843,114038243.05799998,251411290.4016955
Nigeria,2014.0,1.4323063,85938.378,189461.69222389636
Panama,2014.0,51.0247939,3061487.6339999996,6749424.8944304325
Papua New Guinea,2014.0,806.83394,48410036.4,106725861.37202193
Paraguay,2014.0,0.0460641,2763.8459999999995,6093.237414909634
Peru,2014.0,2719.88985,163193391.0,359779841.5350122
Philippines,2014.0,12.0375383,722252.298,1592293.7548539473
Rwanda,2014.0,255.6826782,15340960.692,33821028.98249483
Sierra Leone,2014.0,24.0319576,1441917.4559999998,3178883.8423380014
Sri Lanka,2014.0,2.3383577,140301.462,309311.77700382815
Tanzania,2014.0,717.9569368,43077416.208000004,94969446.26300466
Thailand,2014.0,27.3704621,1642227.726,3620492.3949688836
Timor-Leste,2014.0,111.0623633,6663741.7979999995,14691035.914038192
Togo,2014.0,133.9686333,8038117.998,17721016.775490433
Trinidad & Tobago,2014.0,2.137128,128227.68000000001,282693.6440753428
Uganda,2014.0,3442.351,206541060.0,455345093.2168782
Venezuela,2014.0,0.0820858,4925.148,10858.092696759284
Viet Nam,2014.0,26097.1441598,1565828649.5879998,3452061262.822541
Yemen,2014.0,56.9890456,3419342.736,7538360.347644073
Zambia,2014.0,5.2441874,314651.24400000006,693687.2505156442
Zimbabwe,2014.0,11.3021925,678131.55,1495024.1557202046
Angola,2015.0,10.515,630900.0,1390896.412125165
Bolivia (Plurinational State of),2015.0,30.2801583,1816809.498,4005379.318882742
Brazil,2015.0,37562.8467468,2253770804.8080006,4968714100.744799
Burundi,2015.0,230.18855,13811313.0,30448733.07725099
Cameroon,2015.0,390.1427167,23408563.002,51607047.53921015
Central African Republic,2015.0,43.214,2592840.0,5716233.718837554
Colombia,2015.0,12716.3846704,762983080.2240001,1682089758.750624
Congo,2015.0,0.0020367,122.20199999999998,269.40929363531365
Costa Rica,2015.0,1128.190321,67691419.26,149234034.2057288
Côte d'Ivoire,2015.0,1418.3751666,85102509.996,187618918.71339738
Cuba,2015.0,12.79605,767763.0,1692627.6780194216
Democratic Republic of Congo,2015.0,128.285,7697100.0,16969200.782641634
Dominican Republic,2015.0,19.1439671,1148638.026,2532313.3764367285
Ecuador,2015.0,869.0484943,52142909.658,114955438.20110765
El Salvador,2015.0,575.8640571,34551843.426,76173775.6435788
Equatorial Guinea,2015.0,0.0,0.0,0.0
Ethiopia,2015.0,2984.9748167,179098489.002,394844580.39296263
Gabon,2015.0,0.0,0.0,0.0
Ghana,2015.0,40.0215698,2401294.188,5293947.488581727
Guatemala,2015.0,2960.8620078,177651720.468,391655001.75432545
Guinea,2015.0,151.692689,9101561.34,20065508.0243194
Guyana,2015.0,1.9760867,118565.202,261391.5264934149
Haiti,2015.0,2.6611461,159668.766,352009.37352647417
Honduras,2015.0,5029.6670058,301780020.34800005,665311059.6815542
India,2015.0,5262.2938866,315737633.19600004,696082328.7132792
Indonesia,2015.0,8378.6875964,502721255.784,1108310652.9862466
Jamaica,2015.0,11.8739809,712438.8539999999,1570658.8142132892
Kenya,2015.0,712.0561288,42723367.728,94188902.97476503
Lao People's Democratic Republic,2015.0,403.1699016,24190194.096,53330249.13098391
Liberia,2015.0,3.5200001,211200.006,465616.3109624557
Madagascar,2015.0,59.3255179,3559531.074,7847422.728918427
Malawi,2015.0,17.8592197,1071553.182,2362370.38555255
Mexico,2015.0,2457.9965011,147479790.06599998,325137281.44519246
Nepal,2015.0,2.0245748,121474.488,267805.4042224464
Nicaragua,2015.0,1753.1587845,105189527.07,231903210.96022493
Nigeria,2015.0,2.8628523,171771.138,378690.53661571816
Panama,2015.0,49.7142205,2982853.23,6576065.708516341
Papua New Guinea,2015.0,711.4821,42688926.0,94112971.96208063
Paraguay,2015.0,0.0,0.0,0.0
Peru,2015.0,2789.83914,167390348.4,369032548.761993
Philippines,2015.0,14.8310425,889862.55,1961811.108067127
Rwanda,2015.0,262.6835499,15761012.993999999,34747085.7898442
Sierra Leone,2015.0,54.0397454,3242384.724,7148234.711271268
Sri Lanka,2015.0,0.482531,28951.86,63827.92550063414
Tanzania,2015.0,708.912463,42534747.78,93773067.17047207
Thailand,2015.0,578.3290715,34699744.29000001,76499841.23414437
Timor-Leste,2015.0,67.6860052,4061160.312,8953325.894794604
Togo,2015.0,178.1048167,10686289.002,23559234.477436062
Trinidad & Tobago,2015.0,1.9322738,115936.428,255596.07186528377
Uganda,2015.0,3595.607,215736420.0,475617391.88893276
Venezuela,2015.0,0.50364,30218.399999999998,66620.16823611203
Viet Nam,2015.0,21943.5021749,1316610130.494,2902628477.8439527
Yemen,2015.0,52.2324134,3133944.804,6909165.610527664
Zambia,2015.0,2.9395502,176373.012,388835.93213902146
Zimbabwe,2015.0,11.0690096,664140.576,1464179.3379380892
Angola,2016.0,10.945,656700.0,1447775.675768895
Bolivia (Plurinational State of),2016.0,22.4563417,1347380.502,2970465.5349488095
Brazil,2016.0,34269.1502534,2056149015.2040002,4533032632.813338
Burundi,2016.0,204.2708313,12256249.877999999,27020405.7400851
Cameroon,2016.0,281.1289667,16867738.002,37186996.77864812
Central African Republic,2016.0,80.018,4801080.0,10584569.577311598
Colombia,2016.0,12831.3907266,769883443.5960001,1697302455.9395204
Congo,2016.0,0.0,0.0,0.0
Costa Rica,2016.0,1006.9283536,60415701.216000006,133193821.61572416
Côte d'Ivoire,2016.0,1432.0436,85922615.99999999,189426942.96213073
Cuba,2016.0,15.4021,924126.0,2037349.0850397532
Democratic Republic of Congo,2016.0,170.9553333,10257319.998,22613519.707145195
Dominican Republic,2016.0,19.3625362,1161752.1720000003,2561225.1193745728
Ecuador,2016.0,922.6263392,55357580.352,122042573.93489829
El Salvador,2016.0,495.9930146,29759580.876,65608645.21600424
Equatorial Guinea,2016.0,0.0,0.0,0.0
Ethiopia,2016.0,3000.72445,180043467.0,396927900.26450396
Gabon,2016.0,0.0,0.0,0.0
Ghana,2016.0,26.8017133,1608102.798,3545259.8067310806
Guatemala,2016.0,2991.1207581,179467245.48599997,395657549.27954286
Guinea,2016.0,250.0291659,15001749.954000002,33073197.315925602
Guyana,2016.0,1.9671328,118027.968,260207.1282637879
Haiti,2016.0,1.2770179,76621.074,168920.55305084286
Honduras,2016.0,5305.953308,318357198.48,701857481.5977985
India,2016.0,6086.1197369,365167184.214,805055835.0754505
Indonesia,2016.0,6545.3920455,392723522.73,865807162.3431808
Jamaica,2016.0,11.2239986,673439.916,1484680.8732703638
Kenya,2016.0,727.0431516,43622589.096,96171346.74470875
Lao People's Democratic Republic,2016.0,385.7797409,23146784.454,51029924.6303743
Liberia,2016.0,2.955,177300.0,390879.590854005
Madagascar,2016.0,75.7958404,4547750.424,10026073.463278329
Malawi,2016.0,22.1486775,1328920.6500000001,2929768.5276336065
Mexico,2016.0,2232.9130734,133974784.40400001,295363840.454535
Nepal,2016.0,2.0712779,124276.674,273983.1668686777
Nicaragua,2016.0,1963.4673074,117808038.444,259722266.5894169
Nigeria,2016.0,1.4005618,84033.708,185262.61365473733
Panama,2016.0,55.585032,3335101.92,7352641.139007369
Papua New Guinea,2016.0,1133.1803071,67990818.426,149894096.3800554
Paraguay,2016.0,0.0093713,562.2780000000001,1239.6107985685746
Peru,2016.0,3959.5835934,237575015.604,523763253.78694516
Philippines,2016.0,12.9434741,776608.446,1712128.5483713741
Rwanda,2016.0,244.3354621,14660127.726,32320049.22395
Sierra Leone,2016.0,25.806877,1548412.62,3413665.4900100282
Sri Lanka,2016.0,1.4493613,86961.678,191717.68255283547
Tanzania,2016.0,904.7976535,54287859.21,119684242.50617388
Thailand,2016.0,130.9525718,7857154.307999999,17322060.13078298
Timor-Leste,2016.0,67.8533082,4071198.492,8975456.293504806
Togo,2016.0,74.8768333,4492609.998,9904509.632740283
Trinidad & Tobago,2016.0,1.7645473,105872.838,233409.6536942603
Uganda,2016.0,3543.097,212585820.0,468671507.85653216
Venezuela,2016.0,0.0,0.0,0.0
Viet Nam,2016.0,29721.2905333,1783277431.9980001,3931453767.6173663
Yemen,2016.0,37.9012596,2274075.5760000004,5013478.45864617
Zambia,2016.0,9.7911194,587467.164,1295143.3993484639
Zimbabwe,2016.0,12.2870778,737224.6680000001,1625302.180458656
Angola,2017.0,9.055,543300.0,1197771.470451105
Bolivia (Plurinational State of),2017.0,26.1199916,1567199.4959999998,3455083.461833518
Brazil,2017.0,30924.5678492,1855474070.952,4090620111.076891
Burundi,2017.0,168.8762643,10132575.858000001,22338505.954157975
Cameroon,2017.0,245.0171167,14701027.002,32410216.693036888
Central African Republic,2017.0,18.1126667,1086760.0019999999,2395895.684930951
Colombia,2017.0,12984.5957468,779075744.808,1717568011.1383545
Congo,2017.0,0.0,0.0,0.0
Costa Rica,2017.0,987.1546413,59229278.478,130578207.20845214
Côte d'Ivoire,2017.0,854.6205832,51277234.992000006,113046952.24928162
Cuba,2017.0,15.1269672,907618.0319999999,2000955.245346177
Democratic Republic of Congo,2017.0,88.6189908,5317139.448,11722285.910591822
Dominican Republic,2017.0,24.3960478,1463762.868,3227044.7318168357
Ecuador,2017.0,695.1462968,41708777.808,91952115.08523205
El Salvador,2017.0,527.1010812,31626064.871999994,69723538.0569068
Equatorial Guinea,2017.0,0.0,0.0,0.0
Ethiopia,2017.0,3773.4063333,226404379.998,499136217.82951444
Gabon,2017.0,0.0,0.0,0.0
Ghana,2017.0,16.8556397,1011338.382,2229619.475302377
Guatemala,2017.0,3382.6661913,202959971.478,447450144.45042956
Guinea,2017.0,215.6914713,12941488.277999999,28531097.8180854
Guyana,2017.0,0.8115381,48692.286,107348.11522519005
Haiti,2017.0,1.886211,113172.66,249503.00641093863
Honduras,2017.0,7340.8439517,440450637.102,971027438.3633142
India,2017.0,6541.5010488,392490062.928,865292471.5823988
Indonesia,2017.0,8197.5739739,491854438.43399996,1084353421.6289244
Jamaica,2017.0,10.2324055,613944.3300000001,1353515.5584745419
Kenya,2017.0,709.6382353,42578294.118,93869070.41232559
Lao People's Democratic Republic,2017.0,385.5876533,23135259.198,51004515.79027408
Liberia,2017.0,11.0116667,660700.002,1456594.1706655403
Madagascar,2017.0,57.5361834,3452171.004,7610734.289913028
Malawi,2017.0,12.6223955,757343.73,1669657.1196742584
Mexico,2017.0,2910.6499645,174638997.86999997,385013085.3614159
Nepal,2017.0,0.9745111,58470.666,128905.75297823564
Nicaragua,2017.0,2448.6379304,146918275.824,323899354.44478834
Nigeria,2017.0,2.57984,154790.4,341254.41748521023
Panama,2017.0,50.1411407,3008468.4420000003,6632537.584355026
Papua New Guinea,2017.0,794.1003952,47646023.712000005,105041501.71667673
Paraguay,2017.0,0.002358,141.48,311.910008539338
Peru,2017.0,3945.8232277,236749393.662,521943068.97651625
Philippines,2017.0,8.5486409,512918.454,1130791.6268527287
Rwanda,2017.0,245.9412701,14756476.206,32532461.26253886
Sierra Leone,2017.0,34.973872,2098432.3200000003,4626251.363093179
Sri Lanka,2017.0,1.6893049,101358.29400000001,223456.78786452315
Tanzania,2017.0,664.0793199,39844759.194,87842657.48125817
Thailand,2017.0,141.1263307,8467579.842000002,18667818.071994253
Timor-Leste,2017.0,86.2778885,5176673.3100000005,11412611.08515312
Togo,2017.0,27.3287667,1639726.002,3614977.0376448585
Trinidad & Tobago,2017.0,1.7999997,107999.982,238099.2034765928
Uganda,2017.0,4774.033,286441980.0,631496468.9555053
Venezuela,2017.0,0.0,0.0,0.0
Viet Nam,2017.0,25092.1586831,1505529520.986,3319124439.82873
Yemen,2017.0,46.4221011,2785326.066,6140592.854332066
Zambia,2017.0,12.5689814,754138.8840000001,1662591.6436831132
Zimbabwe,2017.0,2.3491934,140951.604,310745.09476444294
Angola,2018.0,9.3233967,559403.8019999999,1233274.276638098
Bolivia (Plurinational State of),2018.0,22.4596336,1347578.016,2970900.9787813416
Brazil,2018.0,35637.3585892,2138241515.3519998,4714015615.723843
Burundi,2018.0,201.7252364,12103514.184,26683681.173928745
Cameroon,2018.0,287.41525,17244915.0,38018529.7208804
Central African Republic,2018.0,38.528,2311680.0,5096382.022478208
Colombia,2018.0,12807.9726245,768478357.47,1694204771.280493
Congo,2018.0,0.0130833,784.998,1730.6243489070064
Costa Rica,2018.0,1207.9462959,72476777.75400001,159783943.79526326
Côte d'Ivoire,2018.0,1522.4575667,91347454.00199999,201386663.5412115
Cuba,2018.0,33.3468849,2000813.0939999998,4411037.80912609
Democratic Republic of Congo,2018.0,187.9996667,11279980.002,24868099.08642481
Dominican Republic,2018.0,32.2031773,1932190.638,4259751.190261585
Ecuador,2018.0,482.6993325,28961959.950000003,63850192.0788837
El Salvador,2018.0,571.4240657,34285443.942,75586465.31470324
Equatorial Guinea,2018.0,0.0580008,3480.048,7672.192545923848
Ethiopia,2018.0,3589.04802,215342881.2,474749787.347877
Gabon,2018.0,0.0168127,1008.762,2223.9395252626496
Ghana,2018.0,12.400351,744021.06,1640285.6600088163
Guatemala,2018.0,3327.4896563,199649379.37800002,440151538.2150517
Guinea,2018.0,156.5050078,9390300.468,20702068.837721445
Guyana,2018.0,1.1789453,70736.71800000001,155947.7686982241
Haiti,2018.0,2.0191244,121147.46399999999,267084.4397141585
Honduras,2018.0,7143.8844713,428633068.278,944974158.7986544
India,2018.0,5967.2246041,358033476.246,789328701.1115263
Indonesia,2018.0,4538.8390548,272330343.288,600385635.4289011
Jamaica,2018.0,9.7515687,585094.122,1289911.7372726637
Kenya,2018.0,753.0309147,45181854.88200001,99608939.37000108
Lao People's Democratic Republic,2018.0,361.0216345,21661298.07,47754987.74375775
Liberia,2018.0,7.7333333,463999.998,1022944.8921291548
Madagascar,2018.0,6.4774326,388645.956,856817.6664881198
Malawi,2018.0,12.079999,724799.9400000001,1597910.3440395228
Mexico,2018.0,2888.1404815,173288428.89000002,382035590.4357391
Nepal,2018.0,1.8452526,110715.156,244085.13749925175
Nicaragua,2018.0,2300.0350324,138002101.944,304242555.80859226
Nigeria,2018.0,3.0129175,180775.05,398540.7646960648
Panama,2018.0,46.8935146,2813610.876,6202950.186312796
Papua New Guinea,2018.0,869.9459834,52196759.004,115074155.68747108
Paraguay,2018.0,0.0135363,812.1779999999999,1790.545991768889
Peru,2018.0,4063.938661,243836319.66000003,537567066.351084
Philippines,2018.0,3.9927242,239563.45200000002,528147.0056476766
Rwanda,2018.0,350.3721832,21022330.992,46346306.46898155
Sierra Leone,2018.0,26.546347,1592780.82,3511480.6274207933
Sri Lanka,2018.0,1.5379155,92274.93000000001,203431.39810762525
Tanzania,2018.0,856.0041365,51360248.19,113229965.02350451
Thailand,2018.0,258.1336572,15488019.432,34145238.00743959
Timor-Leste,2018.0,128.6684667,7720108.002,17019924.744334407
Togo,2018.0,111.04435,6662660.999999999,14688653.162317742
Trinidad & Tobago,2018.0,2.8705688,172234.128,379711.2548434085
Uganda,2018.0,4223.182,253390920.0,558631354.4033836
Venezuela,2018.0,71.7729963,4306379.778,9493942.27685618
Viet Nam,2018.0,31385.0655789,1883103934.7340002,4151533533.809323
Yemen,2018.0,42.1181308,2527087.848,5571275.037103035
Zambia,2018.0,26.168988,1570139.2799999998,3461564.576143271
Zimbabwe,2018.0,4.8053098,288318.588,635633.68140465
Angola,2019.0,23.3571778,1401430.6679999998,3089625.7536271564
Bolivia (Plurinational State of),2019.0,20.3419549,1220517.294,2690780.036711547
Brazil,2019.0,40697.8637087,2441871822.5220003,5383405859.59009
Burundi,2019.0,292.8872914,17573237.483999997,38742356.89636877
Cameroon,2019.0,249.9023999,14994143.994,33056429.044448715
Central African Republic,2019.0,19.2733333,1156399.9980000001,2549425.5954980953
Colombia,2019.0,13672.2255993,820333535.9580001,1808525870.8352075
Congo,2019.0,0.0005553,33.318,73.4536165147983
Costa Rica,2019.0,1039.1443612,62348661.672000006,137455269.96416327
Côte d'Ivoire,2019.0,2104.2571598,126255429.588,278345576.2010946
Cuba,2019.0,22.4859929,1349159.574,2974387.717325909
Democratic Republic of Congo,2019.0,204.5274071,12271644.426,27054344.90885906
Dominican Republic,2019.0,27.3764164,1642584.9840000002,3621280.0140375206
Ecuador,2019.0,506.2668567,30376011.402,66967641.89842273
El Salvador,2019.0,545.8333946,32750003.676,72201398.96978025
Equatorial Guinea,2019.0,0.0,0.0,0.0
Ethiopia,2019.0,3921.2497734,235274986.40399998,518692557.3817096
Gabon,2019.0,0.03,1800.0,3968.32071933
Ghana,2019.0,10.1549369,609296.2139999999,1343268.2167919585
Guatemala,2019.0,3613.1879915,216791279.49,477942958.98345995
Guinea,2019.0,68.9079607,4134477.6420000005,9114962.939086247
Guyana,2019.0,0.6464431,38786.586,85509.7849199305
Haiti,2019.0,1.8611867,111671.202,246192.85813838098
Honduras,2019.0,6764.5646073,405873876.438,894798729.6131666
India,2019.0,6027.8611523,361671669.138,797349543.4638833
Indonesia,2019.0,6333.8728885,380032373.31,837827967.2345701
Jamaica,2019.0,9.405321,564319.26,1244111.006541652
Kenya,2019.0,835.8867766,50153206.596,110568893.81985824
Lao People's Democratic Republic,2019.0,575.3368254,34520209.524,76104034.8276122
Liberia,2019.0,0.5833333,34999.998,77161.78735550476
Madagascar,2019.0,4.0040167,240241.002,529640.7477051112
Malawi,2019.0,15.6594366,939566.196,2071388.890427151
Mexico,2019.0,2626.9848561,157619091.366,347490614.46092564
Nepal,2019.0,1.2407212,74443.27200000001,164119.32149573273
Nicaragua,2019.0,2954.389526,177263371.56,390798838.96657795
Nigeria,2019.0,2.1935393,131612.358,290155.5817618208
Panama,2019.0,50.691857,3041511.42,6705384.881147116
Papua New Guinea,2019.0,787.073434,47224406.04,104111993.85921377
Paraguay,2019.0,0.0006743,40.458,89.1946220348073
Peru,2019.0,3771.9458818,226316752.908,498943033.16461354
Philippines,2019.0,7.0860156,425160.936,937319.4174325201
Rwanda,2019.0,388.8660001,23331960.006,51438166.841327064
Sierra Leone,2019.0,46.740111,2804406.6599999997,6182658.3635028
Sri Lanka,2019.0,0.9553168,57319.007999999994,126366.78169880112
Tanzania,2019.0,1069.2142865,64152857.19000001,141432840.21738645
Thailand,2019.0,174.2986935,10457921.610000001,23055770.558939975
Timor-Leste,2019.0,117.1977167,7031863.002,15502604.247959252
Togo,2019.0,58.49345,3509607.0000000005,7737358.986003114
Trinidad & Tobago,2019.0,2.4710825,148264.95,326868.2627974592
Uganda,2019.0,4526.143,271568580.0,598706234.8516815
Venezuela,2019.0,53.2333949,3194003.694,7041572.798064865
Viet Nam,2019.0,27400.1618174,1644009709.0440001,3624420995.099439
Yemen,2019.0,12.1805242,730831.452,1611207.5518386825
Zambia,2019.0,27.2767848,1636607.088,3608101.0092848535
Zimbabwe,2019.0,6.2683128,376098.76800000004,829155.851982715
