region,country,ico_member,calendar_year,imports_1k_bags,imports_kg,imports_lb
Europe,Austria,member,1990.0,1879.7170038,112783020.22799999,248643997.7552149
Europe,Belgium,member,1990.0,1889.1618075785245,113349708.45471147,249893331.4393591
Europe,Bulgaria,member,1990.0,268.1829982,16090979.891999999,35474538.27763667
Europe,Croatia,member,1990.0,,,
Europe,Cyprus,member,1990.0,49.853999,2991239.9400000004,6594555.239105238
Europe,Czechia,member,1990.0,659.433,39565980.0,87228054.56366466
Europe,Denmark,member,1990.0,959.1050037,57546300.222,126867875.27319288
Europe,Estonia,member,1990.0,,,
Europe,Finland,member,1990.0,1095.1409982,65708459.892000005,144862357.1248266
Europe,France,member,1990.0,6301.2210348,378073262.088,833508866.3158288
Europe,Germany,member,1990.0,13670.9460046,820256760.276,1808356609.429862
Europe,Greece,member,1990.0,641.9630004,38517780.024000004,84917169.18435244
Europe,Hungary,member,1990.0,573.974,34438440.0,75923763.88522391
Europe,Ireland,member,1990.0,129.4770008,7768620.048,17126875.498378232
Europe,Italy,member,1990.0,5241.8309999,314509859.994,693375552.1376487
Europe,Latvia,member,1990.0,,,
Europe,Lithuania,member,1990.0,,,
Europe,Luxembourg,member,1990.0,125.79220972147552,7547532.583288531,16639461.072267864
Europe,Malta,member,1990.0,20.7139989,1242839.934,2739993.033834961
Europe,Netherlands,member,1990.0,3128.1500184,187689001.104,413783417.706308
Europe,Poland,member,1990.0,435.0650014,26103900.084,57549248.64369851
Europe,Portugal,member,1990.0,551.5890006,33095340.035999995,72962735.32118358
Europe,Romania,member,1990.0,441.5340034,26492040.204000004,58404951.1326981
Europe,Slovakia,member,1990.0,0.0,0.0,0.0
Europe,Slovenia,member,1990.0,0.0,0.0,0.0
Europe,Spain,member,1990.0,3053.2510005,183195060.03,403875973.55330676
Europe,Sweden,member,1990.0,1766.6740031,106000440.18599999,233690968.3601134
Asia & Oceania,Japan,member,1990.0,5329.7500039,319785000.23399997,705005245.6441839
Europe,Norway,member,1990.0,742.0400021,44522400.126,98155090.4968369
Europe,Russian Federation,member,1990.0,0.0,0.0,0.0
Europe,Switzerland,member,1990.0,1170.5080015,70230480.09,154831705.14980003
Africa,Tunisia,member,1990.0,100.999998,6059999.880000001,13360012.823856287
Europe,United Kingdom,member,1990.0,2898.2980084,173897880.504,383379201.2508865
North America,United States of America,member,1990.0,21006.7860098,1260407160.5879998,2778722138.97403
Europe,Austria,member,1991.0,2058.2710046,123496260.27600001,272262649.11834514
Europe,Belgium,member,1991.0,1637.2093778916267,98232562.6734976,216565729.87229073
Europe,Bulgaria,member,1991.0,200.2200014,12013200.084,26484572.665996723
Europe,Croatia,member,1991.0,,,
Europe,Cyprus,member,1991.0,53.9259999,3235559.994,7133188.75712525
Europe,Czechia,member,1991.0,525.274,31516440.0,69481856.58417821
Europe,Denmark,member,1991.0,982.7570044,58965420.264,129996499.4209068
Europe,Estonia,member,1991.0,,,
Europe,Finland,member,1991.0,1033.0669994,61984019.964,136651372.60583642
Europe,France,member,1991.0,6552.7090407,393162542.442,866775035.1316938
Europe,Germany,member,1991.0,13228.8510044,793731060.2639999,1749877451.123
Europe,Greece,member,1991.0,407.0270007,24421620.042,53840456.00681855
Europe,Hungary,member,1991.0,640.9870026,38459220.156,84788066.77462709
Europe,Ireland,member,1991.0,118.2670007,7096020.042,15644046.309694188
Europe,Italy,member,1991.0,4630.0230003,277801380.01799995,612447206.7688313
Europe,Latvia,member,1991.0,,,
Europe,Lithuania,member,1991.0,,,
Europe,Luxembourg,member,1991.0,109.01564100837325,6540938.4605023945,14420300.898152292
Europe,Malta,member,1991.0,16.0740031,964440.1859999999,2126226.6514768214
Europe,Netherlands,member,1991.0,3120.7740193,187246441.158,412807740.0378317
Europe,Poland,member,1991.0,249.8710028,14992260.168000001,33052275.919033486
Europe,Portugal,member,1991.0,557.4690006,33448140.035999995,73740526.18217227
Europe,Romania,member,1991.0,335.4500121,20127000.726,44372441.11053097
Europe,Slovakia,member,1991.0,0.0,0.0,0.0
Europe,Slovenia,member,1991.0,0.0,0.0,0.0
Europe,Spain,member,1991.0,2969.5430003,178172580.018,392803300.5010621
Europe,Sweden,member,1991.0,1717.0869997,103025219.98200001,227131730.59338987
Asia & Oceania,Japan,member,1991.0,5510.469001,330628140.06,728910276.9964663
Europe,Norway,member,1991.0,761.2149993,45672899.958000004,100691508.45289873
Europe,Russian Federation,member,1991.0,0.0,0.0,0.0
Europe,Switzerland,member,1991.0,1130.2920016,67817520.096,149512038.9614086
Africa,Tunisia,member,1991.0,90.2010012,5412060.072,11931550.065542338
Europe,United Kingdom,member,1991.0,2805.9140049,168354840.29399997,371158889.4100962
North America,United States of America,member,1991.0,19839.6300126,1190377800.7559998,2624333828.0947294
Europe,Austria,member,1992.0,2206.416005,132384960.3,291858878.27009416
Europe,Belgium,member,1992.0,1713.739523505998,102824371.41035989,226688935.28878582
Europe,Bulgaria,member,1992.0,182.2310123,10933860.738,24105036.727152336
Europe,Croatia,member,1992.0,168.1900054,10091400.324,22247729.440434817
Europe,Cyprus,member,1992.0,40.8759994,2452559.964,5406969.178078022
Europe,Czechia,member,1992.0,474.7310027,28483860.161999997,62796162.4707572
Europe,Denmark,member,1992.0,1061.6230043,63697380.25800001,140428685.4693684
Europe,Estonia,member,1992.0,16.3780004,982680.0240000001,2166438.610950501
Europe,Finland,member,1992.0,1055.3610004,63321660.024000004,139600364.14200523
Europe,France,member,1992.0,6612.0560409,396723362.454,874625299.4824853
Europe,Germany,member,1992.0,13788.5540061,827313240.3659999,1823913485.06691
Europe,Greece,member,1992.0,348.9230017,20935380.101999998,46154612.569897555
Europe,Hungary,member,1992.0,522.2479992,31334879.952,69081585.19513324
Europe,Ireland,member,1992.0,94.5680001,5674080.006,12509205.139414383
Europe,Italy,member,1992.0,4594.7269999,275683619.994,607778345.1122714
Europe,Latvia,member,1992.0,20.2589989,1215539.9340000001,2679806.836258456
Europe,Lithuania,member,1992.0,1.8630004,111780.02399999999,246432.76958133592
Europe,Luxembourg,member,1992.0,114.1114967940021,6846689.807640125,15094367.234713245
Europe,Malta,member,1992.0,17.8580006,1071480.0359999998,2362209.126226252
Europe,Netherlands,member,1992.0,3204.9520199,192297121.19399998,423942583.50092345
Europe,Poland,member,1992.0,1787.0570286,107223421.716,236387181.10725617
Europe,Portugal,member,1992.0,591.1740014,35470440.084,78198934.6161614
Europe,Romania,member,1992.0,603.2080224,36192481.344000004,79790763.1118665
Europe,Slovakia,member,1992.0,0.0,0.0,0.0
Europe,Slovenia,member,1992.0,122.8749995,7372499.970000001,16253580.213450449
Europe,Spain,member,1992.0,3414.2900029,204857400.17400002,451633258.6769786
Europe,Sweden,member,1992.0,1771.7250019,106303500.11400001,234359101.13315848
Asia & Oceania,Japan,member,1992.0,5325.6159975,319536959.84999996,704458410.2024851
Europe,Norway,member,1992.0,739.1450011,44348700.066,97772147.41514419
Europe,Russian Federation,member,1992.0,1381.858008,82911480.47999999,182788525.47728267
Europe,Switzerland,member,1992.0,1101.2510016,66075060.096,145670572.22773984
Africa,Tunisia,member,1992.0,110.5830012,6634980.072,14627627.162255142
Europe,United Kingdom,member,1992.0,3088.172009,185290320.54,408495232.2723217
North America,United States of America,member,1992.0,22939.0330116,1376341980.6959999,3034314666.044237
Europe,Austria,member,1993.0,1836.4890021,110189340.12600002,242925911.92850357
Europe,Belgium,member,1993.0,1934.4521078957898,116067126.47374739,255884212.67714852
Europe,Bulgaria,member,1993.0,397.4430059,23846580.354,52572710.50219218
Europe,Croatia,member,1993.0,162.7740011,9766440.066,21531314.704445805
Europe,Cyprus,member,1993.0,77.4120001,4644720.006,10239854.797386868
Europe,Czechia,member,1993.0,514.2770051,30856620.306,68027203.16044368
Europe,Denmark,member,1993.0,993.9470002,59636820.012,131476682.493652
Europe,Estonia,member,1993.0,51.1479976,3068879.8559999997,6765721.95427737
Europe,Finland,member,1993.0,1301.4559992,78087359.95199999,172153160.2307229
Europe,France,member,1993.0,6334.4680437,380068082.622,837906692.7916161
Europe,Germany,member,1993.0,14107.0030059,846420180.354,1866037077.1987853
Europe,Greece,member,1993.0,374.593002,22475580.12,49550172.37175414
Europe,Hungary,member,1993.0,668.0559984,40083359.904,88368682.00411364
Europe,Ireland,member,1993.0,110.5420007,6632520.042,14622203.724466713
Europe,Italy,member,1993.0,5593.7050012,335622300.07199997,739920515.13606
Europe,Latvia,member,1993.0,59.7739984,3586439.904,7906746.544263942
Europe,Lithuania,member,1993.0,9.100001,546000.06,1203724.0838074575
Europe,Luxembourg,member,1993.0,128.80792120421003,7728475.272252602,17038371.417616423
Europe,Malta,member,1993.0,22.6130018,1356780.108,2991188.1189728864
Europe,Netherlands,member,1993.0,2803.7290104,168223740.624,370869864.1118973
Europe,Poland,member,1993.0,1670.4975109,100229850.654,220968996.13645542
Europe,Portugal,member,1993.0,666.4470031,39986820.186,88155848.35790382
Europe,Romania,member,1993.0,425.3500156,25521000.936,56264175.99576063
Europe,Slovakia,member,1993.0,288.4769937,17308619.622,38158974.371658
Europe,Slovenia,member,1993.0,152.2179984,9133079.904000001,20134994.56352203
Europe,Spain,member,1993.0,2813.0879997,168785279.982,372107846.4836031
Europe,Sweden,member,1993.0,1756.6010072,105396060.432,232358539.08225688
Asia & Oceania,Japan,member,1993.0,5691.1200039,341467200.23399997,752806314.2556599
Europe,Norway,member,1993.0,692.8290015,41569740.09,91645589.38683887
Europe,Russian Federation,member,1993.0,1794.9460127,107696760.76200001,237430715.07587266
Europe,Switzerland,member,1993.0,1059.8780009,63592680.05399999,140197861.03111765
Africa,Tunisia,member,1993.0,100.6240008,6037440.048,13310276.907883951
Europe,United Kingdom,member,1993.0,3196.9810113,191818860.678,422888199.54821223
North America,United States of America,member,1993.0,19328.7210125,1159723260.75,2556752135.7350965
Europe,Austria,member,1994.0,1417.2140039,85032840.23400001,187465323.18003327
Europe,Belgium,member,1994.0,2121.228382181519,127273702.93089116,280590484.6480593
Europe,Bulgaria,member,1994.0,462.6680067,27760080.402,61200501.23862404
Europe,Croatia,member,1994.0,193.4500023,11607000.138,25589055.076050874
Europe,Cyprus,member,1994.0,51.8360006,3110160.036,6856729.17293941
Europe,Czechia,member,1994.0,553.7970031,33227820.185999997,73254804.05681966
Europe,Denmark,member,1994.0,1033.1840026,61991040.156,136666849.47992936
Europe,Estonia,member,1994.0,83.0979984,4985879.904,10991983.626185706
Europe,Finland,member,1994.0,1361.0030016,81660180.096,180029880.34398672
Europe,France,member,1994.0,6368.6620423,382119722.53800005,842429784.5623202
Europe,Germany,member,1994.0,13583.2150079,814992900.474,1796751785.032126
Europe,Greece,member,1994.0,502.1280018,30127680.108,66420165.10995705
Europe,Hungary,member,1994.0,771.2219983,46273319.898,102015207.83523254
Europe,Ireland,member,1994.0,130.5400011,7832400.066000001,17267486.368883036
Europe,Italy,member,1994.0,5553.7660032,333225960.19200003,734637490.0269709
Europe,Latvia,member,1994.0,22.5559992,1353359.9519999998,2983647.96568503
Europe,Lithuania,member,1994.0,46.726994,2803619.64,6180923.281406954
Europe,Luxembourg,member,1994.0,141.24465381848066,8474679.22910884,18683469.54141567
Europe,Malta,member,1994.0,13.2119992,792719.9519999999,1747648.338971046
Europe,Netherlands,member,1994.0,2799.8810219,167992861.314,370360862.3621541
Europe,Poland,member,1994.0,1842.641218,110558473.08,243739710.78936225
Europe,Portugal,member,1994.0,663.8620028,39831720.168,87813911.34957168
Europe,Romania,member,1994.0,347.4469961,20846819.766,45959370.44975332
Europe,Slovakia,member,1994.0,256.6931383,15401588.298,33954689.97419104
Europe,Slovenia,member,1994.0,159.1390023,9548340.138,21050486.66935315
Europe,Spain,member,1994.0,3028.4249997,181705499.982,400592055.77488196
Europe,Sweden,member,1994.0,1893.2920079,113597520.474,250439663.42304894
Asia & Oceania,Japan,member,1994.0,6217.1510051,373029060.306,822388304.9580555
Europe,Norway,member,1994.0,805.6280003,48337680.01800001,106566342.85542953
Europe,Russian Federation,member,1994.0,1725.7300188,103543801.12799999,228275006.31912634
Europe,Switzerland,member,1994.0,1099.4060017,65964360.102,145426520.51672876
Africa,Tunisia,member,1994.0,137.2670004,8236020.023999999,18157316.058919977
Europe,United Kingdom,member,1994.0,3465.8600125,207951600.74999997,458454803.2633694
North America,United States of America,member,1994.0,16171.2450161,970274700.9660001,2139089555.158388
Europe,Austria,member,1995.0,1231.4360012,73886160.072,162891099.93636143
Europe,Belgium,member,1995.0,2251.574135333251,135094448.11999506,297832276.4116823
Europe,Bulgaria,member,1995.0,515.418008,30925080.479999997,68178132.00873984
Europe,Croatia,member,1995.0,320.1320059,19207920.354000002,42346215.731121466
Europe,Cyprus,member,1995.0,43.7689997,2626139.982,5789647.612461952
Europe,Czechia,member,1995.0,553.1969994,33191819.963999998,73175437.15300685
Europe,Denmark,member,1995.0,877.1590019,52629540.114,116028274.71288642
Europe,Estonia,member,1995.0,107.4780016,6448680.096,14216906.02071543
Europe,Finland,member,1995.0,769.4989997,46169939.982,101787294.13377398
Europe,France,member,1995.0,6213.6800447,372820802.682,821929175.4890124
Europe,Germany,member,1995.0,12851.8350055,771110100.33,1700006771.1245413
Europe,Greece,member,1995.0,522.5950037,31355700.222,69127486.03336826
Europe,Hungary,member,1995.0,519.5049966,31170299.796,68718748.06010804
Europe,Ireland,member,1995.0,114.6070016,6876420.096,15159911.300985549
Europe,Italy,member,1995.0,5387.8610048,323271660.288,712692015.273933
Europe,Latvia,member,1995.0,29.5221127,1771326.762,3905107.0501935114
Europe,Lithuania,member,1995.0,112.9476799,6776860.794,14940420.611580752
Europe,Luxembourg,member,1995.0,149.92388936674894,8995433.362004938,19831535.883220285
Europe,Malta,member,1995.0,22.6474855,1358849.13,2995749.531679191
Europe,Netherlands,member,1995.0,2910.3660226,174621961.356,384975526.2772541
Europe,Poland,member,1995.0,1770.7091091,106242546.546,234224721.5182632
Europe,Portugal,member,1995.0,633.1680027,37990080.162,83753790.13104011
Europe,Romania,member,1995.0,551.3430059,33080580.354,72930195.79235508
Europe,Slovakia,member,1995.0,250.086974,15005218.44,33080844.018624768
Europe,Slovenia,member,1995.0,147.6190005,8857140.03,19526651.275031187
Europe,Spain,member,1995.0,3145.866003,188751960.18,416126841.33135843
Europe,Sweden,member,1995.0,1420.4419989,85226519.934,187892313.82804638
Asia & Oceania,Japan,member,1995.0,5489.087004,329345220.24,726081922.9392745
Europe,Norway,member,1995.0,662.0980007,39725880.041999996,87580573.81349263
Europe,Russian Federation,member,1995.0,1728.1440144,103688640.864,228594323.2776547
Europe,Switzerland,member,1995.0,1016.829001,61009740.059999995,134503453.08946416
Africa,Tunisia,member,1995.0,136.7830008,8206980.048,18093293.8708924
Europe,United Kingdom,member,1995.0,2806.7230152,168403380.912,371265903.15461767
North America,United States of America,member,1995.0,17106.8570142,1026411420.8519999,2262849837.73552
Europe,Austria,member,1996.0,1210.4660056,72627960.336,160117244.33557013
Europe,Belgium,member,1996.0,2368.138170098804,142088290.20592824,313251058.8879772
Europe,Bulgaria,member,1996.0,272.1599948,16329599.688,36000604.8779195
Europe,Croatia,member,1996.0,321.8359979,19310159.874,42571615.28976055
Europe,Cyprus,member,1996.0,51.5019993,3090119.958,6812548.363636972
Europe,Czechia,member,1996.0,525.2980024,31517880.144,69485031.55821934
Europe,Denmark,member,1996.0,1005.9992001,60359952.006,133070915.64620788
Europe,Estonia,member,1996.0,116.9180065,7015080.390000001,15465604.921890322
Europe,Finland,member,1996.0,992.2736017,59536416.102,131255329.7623438
Europe,France,member,1996.0,6659.513448,399570806.88,880902839.8785056
Europe,Germany,member,1996.0,13507.1289088,810427734.528,1786687316.915075
Europe,Greece,member,1996.0,765.5065046,45930390.276,101259177.43286887
Europe,Hungary,member,1996.0,602.9059997,36174359.982,79750812.34726256
Europe,Ireland,member,1996.0,98.1580015,5889480.09,12984081.037349174
Europe,Italy,member,1996.0,5607.9872065,336479232.39000005,741809727.5097173
Europe,Latvia,member,1996.0,65.7523067,3945138.4020000002,8697541.36737836
Europe,Lithuania,member,1996.0,149.5614977,8973689.861999998,19783599.6712312
Europe,Luxembourg,member,1996.0,157.68545190119602,9461127.11407176,20858214.863881007
Europe,Malta,member,1996.0,9.2316602,553899.612,1221139.6148491376
Europe,Netherlands,member,1996.0,3083.9573207,185037439.242,407937724.44210815
Europe,Poland,member,1996.0,1924.0740593,115444443.558,254511431.8348523
Europe,Portugal,member,1996.0,742.9592039,44577552.234000005,98276680.08177641
Europe,Romania,member,1996.0,696.558,41793480.0,92138851.45383553
Europe,Slovakia,member,1996.0,260.5458129,15632748.774,34464311.588858254
Europe,Slovenia,member,1996.0,174.6336196,10478017.176,23100073.698342454
Europe,Spain,member,1996.0,3515.2775081,210916650.486,464991618.9862654
Europe,Sweden,member,1996.0,1522.3792987,91342757.92199999,201376310.4570095
Asia & Oceania,Japan,member,1996.0,5994.1130043,359646780.258,792885427.6323029
Europe,Norway,member,1996.0,719.8916018,43193496.107999995,95225358.63648672
Europe,Russian Federation,member,1996.0,1127.9720065,67678320.39,149205156.1406061
Europe,Switzerland,member,1996.0,1111.6270013,66697620.07800001,147043082.04751557
Africa,Tunisia,member,1996.0,143.6500008,8619000.047999999,19001642.483547032
Europe,United Kingdom,member,1996.0,2903.4531141,174207186.84600002,384061105.0095414
North America,United States of America,member,1996.0,19444.5331182,1166671987.092,2572071455.021714
Europe,Austria,member,1997.0,1294.2034055,77652204.33,171193806.30243653
Europe,Belgium,member,1997.0,2385.535447922561,143132126.8753537,315552324.8229091
Europe,Bulgaria,member,1997.0,294.1540027,17649240.161999997,38909914.11960875
Europe,Croatia,member,1997.0,385.2970035,23117820.21,50966069.40282712
Europe,Cyprus,member,1997.0,41.3409992,2480459.952,5468478.122772166
Europe,Czechia,member,1997.0,560.2250029,33613500.174,74105082.88315932
Europe,Denmark,member,1997.0,949.0705001,56944230.006,125540537.65505716
Europe,Estonia,member,1997.0,141.1149967,8466899.802000001,18666318.84042649
Europe,Finland,member,1997.0,1185.5213024,71131278.144,156817624.91736686
Europe,France,member,1997.0,6703.9852508,402239115.04800004,886785452.4277456
Europe,Germany,member,1997.0,13905.1847161,834311082.966,1839341087.1670158
Europe,Greece,member,1997.0,788.6210034,47317260.203999996,104316702.24970114
Europe,Hungary,member,1997.0,674.9599991,40497599.946,89281924.97158295
Europe,Ireland,member,1997.0,106.2836012,6377016.072000001,14058913.89223223
Europe,Italy,member,1997.0,5742.6319091,344557914.546,759620172.9455708
Europe,Latvia,member,1997.0,143.6437529,8618625.174,19000816.027846295
Europe,Lithuania,member,1997.0,187.1143479,11226860.874000002,24750991.455183066
Europe,Luxembourg,member,1997.0,158.84387147743865,9530632.28864632,21011447.544083714
Europe,Malta,member,1997.0,9.4585531,567513.186,1251152.4080537667
Europe,Netherlands,member,1997.0,2923.7728279,175426369.674,386748943.0523212
Europe,Poland,member,1997.0,2253.0820657,135184923.942,298031741.4556049
Europe,Portugal,member,1997.0,727.2904035,43637424.21,96204052.57263087
Europe,Romania,member,1997.0,630.977005,37858620.3,83463970.74540962
Europe,Slovakia,member,1997.0,252.8846355,15173078.13,33450911.288495496
Europe,Slovenia,member,1997.0,170.6471772,10238830.632,22572757.63259793
Europe,Spain,member,1997.0,3776.5606067,226593636.40199998,499553456.7791028
Europe,Sweden,member,1997.0,1472.8415002,88370490.012,194823581.38442466
Asia & Oceania,Japan,member,1997.0,5921.4150006,355284900.036,783269127.8210815
Europe,Norway,member,1997.0,683.8884018,41033304.108,90462950.48574734
Europe,Russian Federation,member,1997.0,2185.2884509,131117307.054,289064181.247301
Europe,Switzerland,member,1997.0,970.7720002,58246320.012,128411154.73796956
Africa,Tunisia,member,1997.0,164.6170008,9877020.048,21775101.834286775
Europe,United Kingdom,member,1997.0,2929.3380148,175760280.888,387485091.268395
North America,United States of America,member,1997.0,20342.7458248,1220564749.488,2690884658.153923
Europe,Austria,member,1998.0,1293.3541061,77601246.366,171081463.2222387
Europe,Belgium,member,1998.0,3356.201056930393,201372063.41582358,443949406.41513747
Europe,Bulgaria,member,1998.0,342.1220043,20527320.258,45254994.606746584
Europe,Croatia,member,1998.0,339.0510012,20343060.072,44848770.43238469
Europe,Cyprus,member,1998.0,49.7789994,2986739.9639999997,6584634.490217854
Europe,Czechia,member,1998.0,764.8390017,45890340.102,101170881.91325943
Europe,Denmark,member,1998.0,1013.7232012,60823392.072,134092626.09958313
Europe,Estonia,member,1998.0,134.6589964,8079539.784,17812336.18194346
Europe,Finland,member,1998.0,1167.9353022,70076118.132,154491395.28524017
Europe,France,member,1998.0,6576.0226523,394561359.138,869858898.0635171
Europe,Germany,member,1998.0,13739.5684148,824374104.888,1817433800.5034294
Europe,Greece,member,1998.0,704.455603,42267336.18,93183525.50776696
Europe,Hungary,member,1998.0,715.5939943,42935639.658,94656882.47362679
Europe,Ireland,member,1998.0,101.9779012,6118674.072000001,13489367.274858257
Europe,Italy,member,1998.0,5889.3935096,353363610.576,779033409.6144434
Europe,Latvia,member,1998.0,158.9554603,9537327.618,21026208.21863758
Europe,Lithuania,member,1998.0,185.1496673,11108980.038,24491108.697454873
Europe,Luxembourg,member,1998.0,223.47685916960683,13408611.550176408,29560928.351118106
Europe,Malta,member,1998.0,10.1044031,606264.1860000001,1336583.7392730764
Europe,Netherlands,member,1998.0,2862.0483243,171722899.458,378584188.8347799
Europe,Poland,member,1998.0,2292.9605138,137577630.828,303306757.1839368
Europe,Portugal,member,1998.0,761.5868043,45695208.258,100740689.83573374
Europe,Romania,member,1998.0,595.3020037,35718120.222,78744975.85137916
Europe,Slovakia,member,1998.0,258.9295347,15535772.081999999,34250514.57988287
Europe,Slovenia,member,1998.0,174.3027642,10458165.852,23056309.02037838
Europe,Spain,member,1998.0,3717.653605,223059216.3,491761394.2671123
Europe,Sweden,member,1998.0,1439.636799,86378207.94000001,190431351.2593873
Asia & Oceania,Japan,member,1998.0,6026.9650023,361617900.1380001,797231003.1101292
Europe,Norway,member,1998.0,706.8768005,42412608.029999994,93503795.11459495
Europe,Russian Federation,member,1998.0,1731.917618,103915057.08,229093485.589402
Europe,Switzerland,member,1998.0,1111.8350017,66710100.102,147070595.7907472
Africa,Tunisia,member,1998.0,147.417,8845020.0,19499931.182715688
Europe,United Kingdom,member,1998.0,3142.4080165,188544480.99,415669428.0155213
North America,United States of America,member,1998.0,21030.4011333,1261824067.9980001,2781845885.1031837
Europe,Austria,member,1999.0,1499.7770114,89986620.684,198386539.62378153
Europe,Belgium,member,1999.0,3003.0055122,180180330.732,397229633.14418197
Europe,Bulgaria,member,1999.0,366.9190043,22015140.257999998,48535076.23598744
Europe,Croatia,member,1999.0,352.0830048,21124980.288000003,46572609.42906013
Europe,Cyprus,member,1999.0,55.4585999,3327515.994,7335917.034940089
Europe,Czechia,member,1999.0,727.6767881,43660607.286,96255162.50642453
Europe,Denmark,member,1999.0,1093.7793024,65626758.143999994,144682235.6029411
Europe,Estonia,member,1999.0,130.9134032,7854804.192,17316879.011885412
Europe,Finland,member,1999.0,1209.4849999,72569099.994,159987479.4940671
Europe,France,member,1999.0,6675.6656522,400539939.132,883039410.7648293
Europe,Germany,member,1999.0,14320.0270212,859201621.272,1894215330.9864473
Europe,Greece,member,1999.0,732.9623054,43977738.324,96954316.76689011
Europe,Hungary,member,1999.0,762.0653045,45723918.269999996,100803984.57766251
Europe,Ireland,member,1999.0,142.0334995,8522009.97,18787815.963493243
Europe,Italy,member,1999.0,5943.0875112,356585250.67200005,786135910.2495443
Europe,Latvia,member,1999.0,183.1094766,10986568.595999999,24221237.66324839
Europe,Lithuania,member,1999.0,206.2732062,12376392.372000001,27285274.600202985
Europe,Luxembourg,member,1999.0,145.0452036,8702712.216,19186196.222843945
Europe,Malta,member,1999.0,8.9042352,534254.1120000001,1177828.7011315837
Europe,Netherlands,member,1999.0,2565.5043218,153930259.308,339358131.8576533
Europe,Poland,member,1999.0,2403.6349207,144218095.24199998,317946475.25063103
Europe,Portugal,member,1999.0,816.947305,49016838.300000004,108063630.56774351
Europe,Romania,member,1999.0,511.423008,30685380.479999997,67649683.9662824
Europe,Slovakia,member,1999.0,268.9757881,16138547.286,35579406.43051152
Europe,Slovenia,member,1999.0,181.5247271,10891483.626000002,24011611.18738847
Europe,Spain,member,1999.0,3986.023909,239161434.54,527260708.86098194
Europe,Sweden,member,1999.0,1455.6766993,87340601.95800002,192553066.88260326
Asia & Oceania,Japan,member,1999.0,6547.4849994,392849099.964,866084012.7540464
Europe,Norway,member,1999.0,789.9776023,47398656.138,104496149.56712414
Europe,Russian Federation,member,1999.0,1368.0771672,82084630.032,180965632.2747351
Europe,Switzerland,member,1999.0,1138.9260014,68335560.08399999,150654121.63797626
Africa,Tunisia,member,1999.0,185.7474234,11144845.404,24570178.2946794
Europe,United Kingdom,member,1999.0,2907.2550112,174435300.672,384564009.9106977
North America,United States of America,member,1999.0,22746.4323379,1364785940.2740002,3008837957.910884
Europe,Austria,member,2000.0,1257.2328923,75433973.538,166303444.51790908
Europe,Belgium,member,2000.0,3490.6155829,209436934.97399998,461729404.6946078
Europe,Bulgaria,member,2000.0,280.7270156,16843620.936000004,37133827.74937188
Europe,Croatia,member,2000.0,344.3819963,20662919.778,45553940.376050584
Europe,Cyprus,member,2000.0,68.5379972,4112279.832000001,9066025.14500472
Europe,Czechia,member,2000.0,808.9423769,48536542.614,107004759.83321093
Europe,Denmark,member,2000.0,1021.7982959,61307897.754,135160778.2865352
Europe,Estonia,member,2000.0,105.3046037,6318276.222,13929414.690118153
Europe,Finland,member,2000.0,1063.1109996,63786659.975999996,140625513.55534357
Europe,France,member,2000.0,6520.0085794,391200514.76399994,862449504.5280792
Europe,Germany,member,2000.0,13894.5395181,833672371.0860001,1837932968.5075235
Europe,Greece,member,2000.0,798.3858564,47903151.383999996,105608371.19907153
Europe,Hungary,member,2000.0,790.2066673,47412400.038,104526449.67997661
Europe,Ireland,member,2000.0,154.6881905,9281291.43,20461745.046560537
Europe,Italy,member,2000.0,6314.874691,378892481.46,835314935.8755977
Europe,Latvia,member,2000.0,181.0516991,10863101.946,23949040.293614358
Europe,Lithuania,member,2000.0,212.6624974,12759749.844,28130433.15522941
Europe,Luxembourg,member,2000.0,231.7700387,13906202.321999999,30657928.223104194
Europe,Malta,member,2000.0,9.2018914,552113.4839999999,1217201.876654818
Europe,Netherlands,member,2000.0,2965.800776,177948046.56,392308288.9601931
Europe,Poland,member,2000.0,2576.3767635,154582605.81,340796309.71324724
Europe,Portugal,member,2000.0,811.4328957,48685973.742,107334199.0784083
Europe,Romania,member,2000.0,551.5569948,33093419.688,72958501.67854097
Europe,Slovakia,member,2000.0,285.9653534,17157921.204,37826741.23025819
Europe,Slovenia,member,2000.0,186.7730369,11206382.214,24705843.738081887
Europe,Spain,member,2000.0,3768.2017865,226092107.19,498447774.13280904
Europe,Sweden,member,2000.0,1344.167892,80650073.52,177802976.53605765
Asia & Oceania,Japan,member,2000.0,6908.0089057,414480534.342,913773162.326849
Europe,Norway,member,2000.0,662.237694,39734261.64,87599052.07405068
Europe,Russian Federation,member,2000.0,1890.4529068,113427174.40799999,250064114.63240218
Europe,Switzerland,member,2000.0,1171.4829972,70288979.832,154960675.00438562
Africa,Tunisia,member,2000.0,192.4495529,11546973.173999999,25456718.273295492
Europe,United Kingdom,member,2000.0,3012.4008235,180744049.41,398472420.0940601
North America,United States of America,member,2000.0,23766.839355,1426010361.3,3143814701.5144715
Europe,Austria,member,2001.0,1432.4135883,85944815.298,189475884.03669074
Europe,Belgium,member,2001.0,3208.6271807,192517630.842,424428724.05924046
Europe,Bulgaria,member,2001.0,354.9049957,21294299.742,46945894.92766782
Europe,Croatia,member,2001.0,352.088997,21125339.82,46573402.06144061
Europe,Cyprus,member,2001.0,59.0464969,3542789.814,7810514.568404153
Europe,Czechia,member,2001.0,899.2526326,53955157.956,118950761.79528761
Europe,Denmark,member,2001.0,1102.9635947,66177815.682000004,145897109.5171569
Europe,Estonia,member,2001.0,160.8885019,9653310.114,21281905.8530578
Europe,Finland,member,2001.0,1084.0628371,65043770.22600001,143396967.25065312
Europe,France,member,2001.0,6752.7436677,405164620.062,893235086.9619455
Europe,Germany,member,2001.0,14753.265918,885195955.0799999,1951523027.3394842
Europe,Greece,member,2001.0,867.6429518,52058577.108,114769516.75361936
Europe,Hungary,member,2001.0,833.2209675,49993258.050000004,110216267.63701463
Europe,Ireland,member,2001.0,180.1510872,10809065.232,23829909.73151952
Europe,Italy,member,2001.0,6541.7312914,392503877.484,865322927.4650674
Europe,Latvia,member,2001.0,156.2200386,9373202.316,20664373.86503041
Europe,Lithuania,member,2001.0,267.0888845,16025333.069999998,35329811.80880291
Europe,Luxembourg,member,2001.0,209.7060786,12582364.716,27739365.88926085
Europe,Malta,member,2001.0,9.3984609,563907.654,1243203.5706427626
Europe,Netherlands,member,2001.0,2793.6838743,167621032.45799997,369541120.05475986
Europe,Poland,member,2001.0,2719.3939907,163163639.442,359714250.5772101
Europe,Portugal,member,2001.0,843.3808957,50602853.742,111560196.08978012
Europe,Romania,member,2001.0,633.171995,37990319.7,83754318.22193371
Europe,Slovakia,member,2001.0,317.0047673,19020286.038,41932552.87343251
Europe,Slovenia,member,2001.0,194.1829787,11650978.722000001,25686011.257214203
Europe,Spain,member,2001.0,4057.6291818,243457750.908,536732465.1164992
Europe,Sweden,member,2001.0,1432.1803929,85930823.574,189445037.56544167
Asia & Oceania,Japan,member,2001.0,6996.1979286,419771875.71599996,925438573.2199001
Europe,Norway,member,2001.0,716.2465941,42974795.646,94743206.65055248
Europe,Russian Federation,member,2001.0,3056.870014,183412200.84,404354687.0951596
Europe,Switzerland,member,2001.0,1254.5376794,75272260.76399998,165946928.87810653
Africa,Tunisia,member,2001.0,232.9997304,13979983.824000001,30820588.59148747
Europe,United Kingdom,member,2001.0,3061.8273836,183709643.016,405010434.8450615
North America,United States of America,member,2001.0,21415.1411506,1284908469.036,2832738277.8434157
Europe,Austria,member,2002.0,1447.2073888,86832443.32800001,191432768.87141693
Europe,Belgium,member,2002.0,3792.172778,227530366.68,501618593.5405535
Europe,Bulgaria,member,2002.0,343.4319971,20605919.825999998,45428276.992427014
Europe,Croatia,member,2002.0,370.9149955,22254899.729999997,49063655.39176145
Europe,Cyprus,member,2002.0,56.6288971,3397733.8260000004,7490720.8558245525
Europe,Czechia,member,2002.0,887.8802292,53272813.752000004,117446450.32726099
Europe,Denmark,member,2002.0,1075.8004931,64548029.586,142304046.2211387
Europe,Estonia,member,2002.0,119.7034255,7182205.53,15834052.78621417
Europe,Finland,member,2002.0,1075.3348981,64520093.88599999,142242458.54496145
Europe,France,member,2002.0,6925.1002666,415506015.99600005,916033962.3795496
Europe,Germany,member,2002.0,15515.5373088,930932238.5279999,2052354272.4682887
Europe,Greece,member,2002.0,897.4972501,53849835.006,118718564.43711762
Europe,Hungary,member,2002.0,827.5068668,49650412.008,109460421.49700968
Europe,Ireland,member,2002.0,176.6015888,10596095.328,23360391.463387895
Europe,Italy,member,2002.0,6523.4145888,391404875.328,862900042.4504877
Europe,Latvia,member,2002.0,163.8818153,9832908.918,21677853.439213406
Europe,Lithuania,member,2002.0,262.8815834,15772895.004,34773281.137883246
Europe,Luxembourg,member,2002.0,252.7095085,15162570.51,33427745.95174169
Europe,Malta,member,2002.0,9.5642993,573857.958,1265140.2359354473
Europe,Netherlands,member,2002.0,2760.0016652,165600099.912,365085726.4466154
Europe,Poland,member,2002.0,2643.4962201,158609773.206,349674694.0564456
Europe,Portugal,member,2002.0,838.0986973,50285921.838,110861480.84463573
Europe,Romania,member,2002.0,738.2578924,44295473.54399999,97654803.02066058
Europe,Slovakia,member,2002.0,300.008801,18000528.06,39684371.36632169
Europe,Slovenia,member,2002.0,200.8092839,12048557.034,26562521.39780634
Europe,Spain,member,2002.0,4026.115777,241566946.61999997,532563955.20968336
Europe,Sweden,member,2002.0,1463.3086126,87798516.75600001,193562596.2051539
Asia & Oceania,Japan,member,2002.0,7307.4569309,438447415.854,966611091.4834027
Europe,Norway,member,2002.0,697.9739946,41878439.676,92326155.47749019
Europe,Russian Federation,member,2002.0,3504.0152149,210240912.894,463501872.60450774
Europe,Switzerland,member,2002.0,1216.7448369,73004690.214,160947791.54693574
Africa,Tunisia,member,2002.0,235.5659343,14133956.058000002,31160039.261700656
Europe,United Kingdom,member,2002.0,2971.3182038,178279092.228,393038119.7287313
North America,United States of America,member,2002.0,21638.914035,1298334842.1,2862338363.6297073
Europe,Austria,member,2003.0,1336.0595881,80163575.28599998,176730431.52389115
Europe,Belgium,member,2003.0,3817.6140246,229056841.476,504983894.40749896
Europe,Bulgaria,member,2003.0,400.3609976,24021659.856,52958694.73292361
Europe,Croatia,member,2003.0,392.5739971,23554439.825999998,51928650.88540417
Europe,Cyprus,member,2003.0,58.7975968,3527855.808,7777590.72094171
Europe,Czechia,member,2003.0,974.0662495,58443974.97,128846909.32969718
Europe,Denmark,member,2003.0,1001.5821907,60094931.441999994,132486645.31555803
Europe,Estonia,member,2003.0,133.8062641,8028375.846,17699539.006805733
Europe,Finland,member,2003.0,1104.7972988,66287837.928,146139667.04959524
Europe,France,member,2003.0,6651.823961,399109437.66,879885694.8590684
Europe,Germany,member,2003.0,15727.0025165,943620150.99,2080326331.3060668
Europe,Greece,member,2003.0,997.9742325,59878453.949999996,132009394.13957348
Europe,Hungary,member,2003.0,863.7699913,51826199.478,114257211.77370946
Europe,Ireland,member,2003.0,226.7229865,13603379.19,29990317.495877527
Europe,Italy,member,2003.0,6929.1902911,415751417.466,916574980.0117469
Europe,Latvia,member,2003.0,185.9201579,11155209.474,24593027.15785584
Europe,Lithuania,member,2003.0,220.6585037,13239510.222,29188123.737635516
Europe,Luxembourg,member,2003.0,288.762576,17325754.56,38196750.44359679
Europe,Malta,member,2003.0,10.6619765,639718.59,1410338.0751319851
Europe,Netherlands,member,2003.0,3175.5388563,190532331.37800002,420051887.9497594
Europe,Poland,member,2003.0,2664.3447882,159860687.292,352432487.548432
Europe,Portugal,member,2003.0,833.9013876,50034083.256,110306271.8097039
Europe,Romania,member,2003.0,755.3403496,45320420.975999996,99914425.31545486
Europe,Slovakia,member,2003.0,302.836118,18170167.080000002,40058361.38736216
Europe,Slovenia,member,2003.0,177.060697,10623641.82,23421121.082803708
Europe,Spain,member,2003.0,4135.6172809,248137036.854,547048524.7671555
Europe,Sweden,member,2003.0,1434.9268933,86095613.598,189808337.38020727
Asia & Oceania,Japan,member,2003.0,6922.5729317,415354375.90199995,915699653.1979376
Europe,Norway,member,2003.0,690.6792804,41440756.824,91361229.96077517
Europe,Russian Federation,member,2003.0,3772.2875457,226337252.742,498988227.5623942
Europe,Switzerland,member,2003.0,1321.8698947,79312193.68200001,174853456.37988588
Africa,Tunisia,member,2003.0,123.1478844,7388873.063999999,16289676.706872521
Europe,United Kingdom,member,2003.0,3002.0182301,180121093.806,397099038.0770735
North America,United States of America,member,2003.0,22760.1962049,1365611772.294,3010658605.864023
Europe,Austria,member,2004.0,1538.1561912,92289371.472,203463236.10348925
Europe,Belgium,member,2004.0,3968.3045651,238098273.90600002,524916840.8766052
Europe,Bulgaria,member,2004.0,366.8488919,22010933.514,48525801.95300071
Europe,Croatia,member,2004.0,388.3918396,23303510.376000002,51375446.143445805
Europe,Cyprus,member,2004.0,59.3537956,3561227.736,7851163.22834526
Europe,Czechia,member,2004.0,928.8746985,55732481.910000004,122869090.3906319
Europe,Denmark,member,2004.0,1119.4503873,67167023.238,148077938.87281945
Europe,Estonia,member,2004.0,175.7325059,10543950.354,23245431.474091716
Europe,Finland,member,2004.0,1151.9831992,69118991.95199999,152381293.25684726
Europe,France,member,2004.0,5940.1294572,356407767.432,785744626.6836408
Europe,Germany,member,2004.0,17356.0713008,1041364278.048,2295815244.971114
Europe,Greece,member,2004.0,941.794948,56507696.879999995,124578146.85029066
Europe,Hungary,member,2004.0,977.4179388,58645076.328,129290261.93282874
Europe,Ireland,member,2004.0,263.6446817,15818680.901999997,34874221.76437575
Europe,Italy,member,2004.0,7031.9309882,421915859.292,930165247.9124247
Europe,Latvia,member,2004.0,187.7697103,11266182.618,24837681.06153606
Europe,Lithuania,member,2004.0,256.3850971,15383105.826,33913943.09831213
Europe,Luxembourg,member,2004.0,315.8023149,18948138.894,41773495.64766824
Europe,Malta,member,2004.0,15.60263,936157.7999999999,2063874.6635013279
Europe,Netherlands,member,2004.0,3159.0269523,189541617.138,417867736.9244665
Europe,Poland,member,2004.0,2686.8161203,161208967.218,355404935.97387785
Europe,Portugal,member,2004.0,838.3407515,50300445.09,110893499.13453777
Europe,Romania,member,2004.0,828.316139,49698968.339999996,109567469.88497093
Europe,Slovakia,member,2004.0,298.0047839,17880287.033999998,39419285.28032763
Europe,Slovenia,member,2004.0,196.1821037,11770926.222000001,25950450.22914856
Europe,Spain,member,2004.0,4173.4740747,250408444.482,552056121.407287
Europe,Sweden,member,2004.0,1495.2265968,89713595.808,197784622.80582413
Asia & Oceania,Japan,member,2004.0,7253.9149388,435234896.32799995,959528698.2632482
Europe,Norway,member,2004.0,716.106549,42966392.94,94724681.85482013
Europe,Russian Federation,member,2004.0,3205.3914512,192323487.072,424000710.3120072
Europe,Switzerland,member,2004.0,1236.2954943,74177729.65799999,163533900.84150046
Africa,Tunisia,member,2004.0,263.9106944,15834641.664000003,34909409.221342936
Europe,United Kingdom,member,2004.0,3328.6803854,199720823.124,440309044.713673
North America,United States of America,member,2004.0,23183.9535285,1391037211.7099998,3066712104.7710133
Europe,Austria,member,2005.0,1576.5789304,94594735.824,208545694.505515
Europe,Belgium,member,2005.0,4063.2250758,243793504.548,537472675.1866117
Europe,Bulgaria,member,2005.0,440.5141695,26430850.169999998,58270050.19950991
Europe,Croatia,member,2005.0,391.5995398,23495972.388,51799752.24894777
Europe,Cyprus,member,2005.0,80.0981044,4805886.2639999995,10595165.57565258
Europe,Czechia,member,2005.0,1063.4138261,63804829.566,140665570.64448732
Europe,Denmark,member,2005.0,993.3597532,59601585.192,131399003.01240318
Europe,Estonia,member,2005.0,221.1360714,13268164.284,29251295.13092861
Europe,Finland,member,2005.0,1156.4411936,69386471.616,152970984.97498652
Europe,France,member,2005.0,5714.0085755,342840514.53000003,755833954.0195317
Europe,Germany,member,2005.0,16716.0487482,1002962924.892,2211154753.0937457
Europe,Greece,member,2005.0,930.5928816,55835572.896000005,123096367.11047633
Europe,Hungary,member,2005.0,851.7228942,51103373.652,112663653.60605246
Europe,Ireland,member,2005.0,251.2797772,15076786.632000001,33238624.873712875
Europe,Italy,member,2005.0,7268.6127576,436116765.45600003,961472886.8923483
Europe,Latvia,member,2005.0,191.0852159,11465112.954,25276247.380453877
Europe,Lithuania,member,2005.0,283.766579,17025994.74,37535893.16330311
Europe,Luxembourg,member,2005.0,330.7952253,19847713.518000003,43756718.21378086
Europe,Malta,member,2005.0,16.3020906,978125.436,2156397.4632124943
Europe,Netherlands,member,2005.0,2988.0150659,179280903.95400003,395246736.52270555
Europe,Poland,member,2005.0,2791.5043949,167490263.694,369252824.2794142
Europe,Portugal,member,2005.0,831.216247,49872974.82,109951088.50712743
Europe,Romania,member,2005.0,874.3634689,52461808.134,115658488.99537075
Europe,Slovakia,member,2005.0,307.6241833,18457450.998000003,40691714.01187867
Europe,Slovenia,member,2005.0,190.8816912,11452901.472,25249325.670990363
Europe,Spain,member,2005.0,4356.0820322,261364921.932,576211019.4493464
Europe,Sweden,member,2005.0,1693.0028646,101580171.876,223945944.84924075
Asia & Oceania,Japan,member,2005.0,7407.8339939,444470039.634,979888704.1116825
Europe,Norway,member,2005.0,753.0594269,45183565.614,99612710.88846819
Europe,Russian Federation,member,2005.0,3335.8034788,200148208.72800002,441251268.68450445
Europe,Switzerland,member,2005.0,1641.0493279,98462959.674,217073668.31160468
Africa,Tunisia,member,2005.0,189.9735264,11398411.584,25129196.031243492
Europe,United Kingdom,member,2005.0,3433.3041887,205998251.322,454148404.9260229
North America,United States of America,member,2005.0,23041.5158603,1382490951.618,3047870826.4399767
Europe,Austria,member,2006.0,1600.652025,96039121.50000001,211730019.84150073
Europe,Belgium,member,2006.0,4604.6839771,276281038.62600005,609095427.7430934
Europe,Bulgaria,member,2006.0,434.5516861,26073101.166,57481348.652347215
Europe,Croatia,member,2006.0,404.1215639,24247293.834,53456132.50508042
Europe,Cyprus,member,2006.0,73.8042354,4428254.124,9762629.217070954
Europe,Czechia,member,2006.0,940.4783432,56428700.592,124403989.84672369
Europe,Denmark,member,2006.0,1004.1628306,60249769.835999995,132828005.54170136
Europe,Estonia,member,2006.0,254.4241989,15265451.933999998,33654560.66646023
Europe,Finland,member,2006.0,1167.9794743,70078768.45799999,154497238.253895
Europe,France,member,2006.0,6190.5316213,371431897.278,818867163.2157443
Europe,Germany,member,2006.0,18542.8432739,1112570596.434,2452798305.3035436
Europe,Greece,member,2006.0,897.1270418,53827622.508,118669594.26153904
Europe,Hungary,member,2006.0,900.5479963,54032879.778,119122109.0822802
Europe,Ireland,member,2006.0,252.243941,15134636.46,33366161.913191807
Europe,Italy,member,2006.0,7547.5259722,452851558.33199996,998366789.8387519
Europe,Latvia,member,2006.0,220.5149361,13230896.166,29169132.994912032
Europe,Lithuania,member,2006.0,316.6480403,18998882.417999998,41885365.96859102
Europe,Luxembourg,member,2006.0,335.5344162,20132064.972000003,44383605.86182519
Europe,Malta,member,2006.0,28.8739154,1732434.924,3819365.224333386
Europe,Netherlands,member,2006.0,3292.8052493,197568314.95799997,435563576.5171925
Europe,Poland,member,2006.0,2653.6604533,159219627.198,351019191.96323436
Europe,Portugal,member,2006.0,861.681076,51700864.56,113980895.57817896
Europe,Romania,member,2006.0,854.2594041,51255564.24599999,112999176.43241762
Europe,Slovakia,member,2006.0,347.1733412,20830400.472,45923172.10276612
Europe,Slovenia,member,2006.0,186.6595548,11199573.287999999,24690832.625791784
Europe,Spain,member,2006.0,4538.3597705,272301586.23,600322236.9682965
Europe,Sweden,member,2006.0,1820.4821677,109228930.062,240808570.17515674
Asia & Oceania,Japan,member,2006.0,7631.5520665,457893123.99,1009481539.537921
Europe,Norway,member,2006.0,731.1092265,43866553.589999996,96709196.38710932
Europe,Russian Federation,member,2006.0,3465.1402007,207908412.042,458359588.46070415
Europe,Switzerland,member,2006.0,1502.6202816,90157216.89600001,198762639.89195865
Africa,Tunisia,member,2006.0,209.4635923,12567815.537999999,27707290.442312725
Europe,United Kingdom,member,2006.0,4045.7886348,242747318.088,535166228.85022247
North America,United States of America,member,2006.0,23708.762276,1422525736.56,3136132418.9840093
Europe,Austria,member,2007.0,1968.1126993,118086761.958,260336746.7536228
Europe,Belgium,member,2007.0,4013.653412,240819204.72,530915466.5016383
Europe,Bulgaria,member,2007.0,393.3613084,23601678.504,52032794.34354927
Europe,Croatia,member,2007.0,413.7646766,24825880.595999997,54731697.96928856
Europe,Cyprus,member,2007.0,71.4217923,4285307.538,9447485.939859128
Europe,Czechia,member,2007.0,1037.0786611,62224719.66600001,137182024.61393818
Europe,Denmark,member,2007.0,995.1983116,59711898.696,131642202.65881713
Europe,Estonia,member,2007.0,277.1065846,16626395.076,36654926.70436505
Europe,Finland,member,2007.0,1207.0293039,72421758.23400001,159662646.51682794
Europe,France,member,2007.0,6420.2704654,385216227.924,849256410.3849761
Europe,Germany,member,2007.0,19564.0533021,1173843198.1260002,2587881269.0933313
Europe,Greece,member,2007.0,1080.8867376,64853204.256000005,142976841.20223632
Europe,Hungary,member,2007.0,893.5887951,53615327.706,118201564.33854866
Europe,Ireland,member,2007.0,266.460501,15987630.060000002,35246690.90004508
Europe,Italy,member,2007.0,8028.4634618,481707807.708,1061983929.9948267
Europe,Latvia,member,2007.0,150.6349888,9038099.328,19925598.237036083
Europe,Lithuania,member,2007.0,335.5472118,20132832.708,44385298.4299784
Europe,Luxembourg,member,2007.0,359.567489,21574049.34,47562637.219872065
Europe,Malta,member,2007.0,15.9168353,955010.118,2105436.910238438
Europe,Netherlands,member,2007.0,3531.0194162,211861164.972,467073916.988766
Europe,Poland,member,2007.0,2263.6697769,135820186.61400002,299432255.913113
Europe,Portugal,member,2007.0,911.2966055,54677796.330000006,120543906.70202492
Europe,Romania,member,2007.0,839.7552358,50385314.148,111080603.37969966
Europe,Slovakia,member,2007.0,508.2651246,30495907.476,67231967.49543414
Europe,Slovenia,member,2007.0,204.5546386,12273278.316,27057947.019714672
Europe,Spain,member,2007.0,4874.7485723,292484914.338,644818858.6994143
Europe,Sweden,member,2007.0,1769.6684756,106180108.536,234087069.2689539
Asia & Oceania,Japan,member,2007.0,7086.223924,425173435.44,937346973.9807045
Europe,Norway,member,2007.0,779.8934161,46793604.966,103162240.0659561
Europe,Russian Federation,member,2007.0,4317.8989966,259073939.796,571160268.4060665
Europe,Switzerland,member,2007.0,1823.1084053,109386504.318,241155961.94455552
Africa,Tunisia,member,2007.0,253.4181323,15205087.938,33521480.83533337
Europe,United Kingdom,member,2007.0,3780.5481201,226832887.206,500080914.51389706
North America,United States of America,member,2007.0,24219.2816408,1453156898.448,3203662571.415844
Europe,Austria,member,2008.0,1901.0666958,114064001.748,251468078.59237874
Europe,Belgium,member,2008.0,6792.086621,407525197.26,898439268.8532796
Europe,Bulgaria,member,2008.0,517.2056848,31032341.088,68414601.17157005
Europe,Croatia,member,2008.0,405.3261764,24319570.584,53615475.46316421
Europe,Cyprus,member,2008.0,77.5144181,4650865.086,10253402.379767947
Europe,Czechia,member,2008.0,1037.3267569,62239605.414,137214842.07072213
Europe,Denmark,member,2008.0,900.3654349,54021926.094,119097960.3427412
Europe,Estonia,member,2008.0,334.3833741,20063002.446000002,44231349.05468349
Europe,Finland,member,2008.0,1284.7945526,77087673.156,169949228.1054966
Europe,France,member,2008.0,6251.7391243,375104347.458,826963529.9601893
Europe,Germany,member,2008.0,19876.2373203,1192574239.218,2629176146.0155563
Europe,Greece,member,2008.0,1056.0362867,63362177.20199999,139689689.22919753
Europe,Hungary,member,2008.0,810.7674443,48646046.658,107246174.92579739
Europe,Ireland,member,2008.0,127.4225179,7645351.074,16855113.929725595
Europe,Italy,member,2008.0,8172.1041052,490326246.31200004,1080984334.7062304
Europe,Latvia,member,2008.0,154.2490378,9254942.268,20403655.087948542
Europe,Lithuania,member,2008.0,390.4983777,23429902.662,51654093.43638874
Europe,Luxembourg,member,2008.0,351.4133229,21084799.374,46484025.677089125
Europe,Malta,member,2008.0,23.0189032,1381134.192,3044879.6834937213
Europe,Netherlands,member,2008.0,2304.4434678,138266608.068,304825691.9931805
Europe,Poland,member,2008.0,2460.3447509,147620685.054,325447901.72304255
Europe,Portugal,member,2008.0,885.0714718,53104288.308000006,117074915.32106127
Europe,Romania,member,2008.0,826.1034899,49566209.394,109274786.50936638
Europe,Slovakia,member,2008.0,610.5763029,36634578.174,80765419.78433268
Europe,Slovenia,member,2008.0,205.0569858,12303419.148,27124396.179783255
Europe,Spain,member,2008.0,4863.7677611,291826065.666,643366346.0127472
Europe,Sweden,member,2008.0,1804.1263654,108247581.924,238645067.87021154
Asia & Oceania,Japan,member,2008.0,7060.0324058,423601944.348,933882429.1692455
Europe,Norway,member,2008.0,721.8867359,43313204.154,95489269.70271578
Europe,Russian Federation,member,2008.0,4053.18973,243191383.8,536145226.16448563
Europe,Switzerland,member,2008.0,1977.6881329,118661287.974,261603359.8053378
Africa,Tunisia,member,2008.0,317.612091,19056725.46,42012888.04750085
Europe,United Kingdom,member,2008.0,3967.4576895,238047461.37,524804818.410266
North America,United States of America,member,2008.0,24277.0043402,1456620260.412,3211297977.549333
Europe,Austria,member,2009.0,1309.234032,78554041.92,173182017.8545852
Europe,Belgium,member,2009.0,5915.5005882,354930035.29199994,782486784.9787619
Europe,Bulgaria,member,2009.0,522.9957876,31379747.255999997,69180500.66851306
Europe,Croatia,member,2009.0,394.0485164,23642910.983999997,52123696.40171224
Europe,Cyprus,member,2009.0,71.7398673,4304392.038,9489560.060285823
Europe,Czechia,member,2009.0,930.025889,55801553.339999996,123021366.82773341
Europe,Denmark,member,2009.0,859.8465934,51590795.604,113738235.06781794
Europe,Estonia,member,2009.0,357.2725337,21436352.022,47259066.59764119
Europe,Finland,member,2009.0,1243.2638329,74595829.97399999,164455654.2563567
Europe,France,member,2009.0,6669.7282046,400183692.27599996,882254020.8871286
Europe,Germany,member,2009.0,19415.6654721,1164939928.326,2568252919.083817
Europe,Greece,member,2009.0,1046.0177255,62761063.53,138364460.429603
Europe,Hungary,member,2009.0,703.9380789,42236284.734000005,93115068.78747422
Europe,Ireland,member,2009.0,142.0139971,8520839.826000001,18785236.237560023
Europe,Italy,member,2009.0,8078.1685675,484690114.05,1068558790.0216866
Europe,Latvia,member,2009.0,131.9782402,7918694.4120000005,17457732.836212385
Europe,Lithuania,member,2009.0,410.9345791,24656074.746000003,54357340.1510561
Europe,Luxembourg,member,2009.0,329.9509344,19797056.064,43645037.64472712
Europe,Malta,member,2009.0,14.217842,853070.5199999999,1880698.5664253426
Europe,Netherlands,member,2009.0,2502.132848,150127970.88000003,330975520.7744861
Europe,Poland,member,2009.0,3161.536735,189692204.10000002,418199724.3474474
Europe,Portugal,member,2009.0,886.7256047,53203536.282,117293719.64971444
Europe,Romania,member,2009.0,811.4623014,48687738.084,107338088.78669417
Europe,Slovakia,member,2009.0,458.3967628,27503805.768,60635512.383101314
Europe,Slovenia,member,2009.0,210.2408723,12614452.338000001,27810106.986603424
Europe,Spain,member,2009.0,4811.2844156,288677064.936,636423987.767167
Europe,Sweden,member,2009.0,1658.6543175,99519259.05,219402409.81138033
Asia & Oceania,Japan,member,2009.0,7089.7017574,425382105.444,937807012.5920244
Europe,Norway,member,2009.0,724.4068942,43464413.651999995,95822629.58264516
Europe,Russian Federation,member,2009.0,3553.1612896,213189677.37600002,470002785.4880328
Europe,Switzerland,member,2009.0,2101.0004279,126060025.674,277914784.3118922
Africa,Tunisia,member,2009.0,288.7988684,17327932.104,38201551.106359266
Europe,United Kingdom,member,2009.0,4130.9076273,247854457.638,546425544.2350973
North America,United States of America,member,2009.0,23578.0649485,1414683896.91,3118844121.8946996
Europe,Austria,member,2010.0,1369.2002988,82152017.928,181114197.15469557
Europe,Belgium,member,2010.0,5923.7299927,355423799.56200004,783575348.8582654
Europe,Bulgaria,member,2010.0,528.3720815,31702324.890000004,69891662.61773232
Europe,Croatia,member,2010.0,393.825469,23629528.14,52094192.281085156
Europe,Cyprus,member,2010.0,76.7284479,4603706.874,10149436.318786748
Europe,Czechia,member,2010.0,950.7219282,57043315.692,125758984.19991429
Europe,Denmark,member,2010.0,1014.6408946,60878453.676,134214016.15735689
Europe,Estonia,member,2010.0,262.8701871,15772211.226,34771773.66543613
Europe,Finland,member,2010.0,1273.7434428,76424606.56799999,168487416.50579888
Europe,France,member,2010.0,6717.2418889,403034513.334,888539005.4824419
Europe,Germany,member,2010.0,20602.955791,1236177347.46,2725304544.8288436
Europe,Greece,member,2010.0,1061.3275425,63679652.55,140389602.56327802
Europe,Hungary,member,2010.0,726.8896947,43613381.682,96151047.8715156
Europe,Ireland,member,2010.0,164.7366941,9884201.646,21790934.547698606
Europe,Italy,member,2010.0,8235.9621708,494157730.24799997,1089431310.8667908
Europe,Latvia,member,2010.0,137.6645663,8259873.977999998,18209905.025528945
Europe,Lithuania,member,2010.0,376.0536971,22563221.826,49743389.25941927
Europe,Luxembourg,member,2010.0,348.8748621,20932491.726,46148244.79082755
Europe,Malta,member,2010.0,12.176685,730601.1000000001,1610699.7126084943
Europe,Netherlands,member,2010.0,2582.6607653,154959645.918,341627540.8646888
Europe,Poland,member,2010.0,3278.9140979,196734845.87399998,433726091.7199935
Europe,Portugal,member,2010.0,1010.4420398,60626522.388000004,133658602.74068029
Europe,Romania,member,2010.0,838.8552395,50331314.370000005,110961554.24754599
Europe,Slovakia,member,2010.0,654.8483112,39290898.672,86621604.04510732
Europe,Slovenia,member,2010.0,217.5864811,13055188.865999999,28781764.706507847
Europe,Spain,member,2010.0,5034.4030716,302064184.29599994,665937533.949629
Europe,Sweden,member,2010.0,1726.6798355,103600790.13,228400645.56213218
Asia & Oceania,Japan,member,2010.0,7407.0803259,444424819.554,979789010.9003527
Europe,Norway,member,2010.0,759.353092,45561185.519999996,100445220.27569665
Europe,Russian Federation,member,2010.0,4155.2569235,249315415.41,549646404.7888161
Europe,Switzerland,member,2010.0,2317.6060297,139056361.782,306566800.896755
Africa,Tunisia,member,2010.0,304.0903304,18245419.824,40224265.28914085
Europe,United Kingdom,member,2010.0,4301.908141,258114488.45999998,569045040.2861568
North America,United States of America,member,2010.0,24378.013044,1462680782.6399999,3224659141.9534063
Europe,Austria,member,2011.0,1452.4929051,87149574.306,192131922.9996051
Europe,Belgium,member,2011.0,5828.442382,349706542.92,770970955.53039
Europe,Bulgaria,member,2011.0,481.5102089,28890612.534,63692897.95155956
Europe,Croatia,member,2011.0,390.8739587,23452437.522,51703774.29852496
Europe,Cyprus,member,2011.0,82.0787537,4924725.221999999,10857160.630816462
Europe,Czechia,member,2011.0,952.3665949,57141995.694,125976536.36464769
Europe,Denmark,member,2011.0,908.8697406,54532184.436000004,120222887.4265021
Europe,Estonia,member,2011.0,166.8557318,10011343.908,22071235.254696984
Europe,Finland,member,2011.0,1286.5150648,77190903.88799998,170176812.91253388
Europe,France,member,2011.0,6991.820108,419509206.48,924859486.6801506
Europe,Germany,member,2011.0,20926.4045801,1255584274.806,2768089495.876435
Europe,Greece,member,2011.0,1154.5258226,69271549.356,152717624.76083642
Europe,Hungary,member,2011.0,639.6242626,38377455.756,84607807.12872508
Europe,Ireland,member,2011.0,210.4429221,12626575.326,27836833.600192636
Europe,Italy,member,2011.0,8355.3425742,501320554.45199996,1105222635.1432638
Europe,Latvia,member,2011.0,141.2808683,8476852.098,18688259.89732743
Europe,Lithuania,member,2011.0,288.8753765,17332522.59,38211671.39564015
Europe,Luxembourg,member,2011.0,325.5287339,19531724.033999998,43060080.649087735
Europe,Malta,member,2011.0,16.9565037,1017390.2219999998,2242961.4986701934
Europe,Netherlands,member,2011.0,2678.3343271,160700059.626,354282986.7841234
Europe,Poland,member,2011.0,3403.8193109,204229158.65399998,450248223.21000105
Europe,Portugal,member,2011.0,1057.7339554,63464037.32400001,139914252.35842314
Europe,Romania,member,2011.0,844.1848875,50651093.25,111666546.00038384
Europe,Slovakia,member,2011.0,777.2147213,46632883.278,102807909.39676937
Europe,Slovenia,member,2011.0,222.9886267,13379317.602,29496346.250285096
Europe,Spain,member,2011.0,4820.9077122,289254462.732,637696932.0100349
Europe,Sweden,member,2011.0,1646.7261696,98803570.17600001,217824585.92955363
Asia & Oceania,Japan,member,2011.0,7543.8558918,452631353.508,997881321.3023212
Europe,Norway,member,2011.0,794.9170203,47695021.217999995,105149522.72681853
Europe,Russian Federation,member,2011.0,4217.6827922,253060967.532,557903933.7282956
Europe,Switzerland,member,2011.0,2497.9141443,149874848.658,330417481.7977719
Africa,Tunisia,member,2011.0,428.7820528,25726923.167999998,56718156.80676966
Europe,United Kingdom,member,2011.0,4183.2298796,250993792.77599996,553346593.4979006
North America,United States of America,member,2011.0,26093.3947573,1565603685.438,3451565301.7683463
Europe,Austria,member,2012.0,1558.6093658,93516561.948,206168727.9881977
Europe,Belgium,member,2012.0,5668.2318442,340093910.65199995,749778728.9768318
Europe,Bulgaria,member,2012.0,559.8250658,33589503.948,74052180.26048069
Europe,Croatia,member,2012.0,384.4903604,23069421.624,50859368.78526597
Europe,Cyprus,member,2012.0,83.8774691,5032648.146,11095089.950483061
Europe,Czechia,member,2012.0,1126.6229015,67597374.08999999,149026700.09647104
Europe,Denmark,member,2012.0,913.0989936,54785939.616,120782321.8367417
Europe,Estonia,member,2012.0,157.2347896,9434087.376,20798602.445639107
Europe,Finland,member,2012.0,1237.8330405,74269982.42999999,163737283.38958
Europe,France,member,2012.0,6841.1355565,410468133.39,904927332.4201373
Europe,Germany,member,2012.0,21816.2120076,1308972720.4559999,2885790870.9018335
Europe,Greece,member,2012.0,1243.663331,74619799.86,164508498.80927545
Europe,Hungary,member,2012.0,747.9277087,44875662.52200001,98933900.76650745
Europe,Ireland,member,2012.0,252.0045146,15120270.876,33334491.221729316
Europe,Italy,member,2012.0,8690.8697162,521452182.9720001,1149605278.7931368
Europe,Latvia,member,2012.0,156.9856449,9419138.694,20765646.243135065
Europe,Lithuania,member,2012.0,336.6761214,20200567.284,44534627.60850942
Europe,Luxembourg,member,2012.0,322.7530169,19365181.014,42692916.13968452
Europe,Malta,member,2012.0,21.2989369,1277936.2140000002,2817367.086665743
Europe,Netherlands,member,2012.0,2729.7607877,163785647.26200002,361085543.0881498
Europe,Poland,member,2012.0,3542.745725,212564743.5,468625042.1278427
Europe,Portugal,member,2012.0,1075.842247,64550534.82,142309569.31668812
Europe,Romania,member,2012.0,902.8725244,54172351.464,119429591.51634337
Europe,Slovakia,member,2012.0,771.6301858,46297811.148,102069201.79901992
Europe,Slovenia,member,2012.0,220.8954987,13253729.922,29219472.80993144
Europe,Spain,member,2012.0,5094.0200696,305641204.176,673823512.8958843
Europe,Sweden,member,2012.0,1679.734595,100784075.7,222190853.21046287
Asia & Oceania,Japan,member,2012.0,7024.8599398,421491596.388,929229908.3166546
Europe,Norway,member,2012.0,735.4431612,44126589.672,97282477.81598377
Europe,Russian Federation,member,2012.0,4174.7446231,250484677.38600004,552224186.1919748
Europe,Switzerland,member,2012.0,2477.957193,148677431.57999998,327777629.01982355
Africa,Tunisia,member,2012.0,438.9237008,26335422.048,58059667.20298806
Europe,United Kingdom,member,2012.0,4126.0536807,247563220.842,545783477.0063206
North America,United States of America,member,2012.0,26056.1625744,1563369754.464,3446640327.0074143
Europe,Austria,member,2013.0,1554.9269506,93295617.03600001,205681627.8370199
Europe,Belgium,member,2013.0,5502.1436397,330128618.382,727809020.205043
Europe,Bulgaria,member,2013.0,609.4866685,36569200.10999999,80621285.82546549
Europe,Croatia,member,2013.0,412.8494215,24770965.29,54610630.443395145
Europe,Cyprus,member,2013.0,93.7661831,5625970.9860000005,12403142.90560735
Europe,Czechia,member,2013.0,1183.8822421,71032934.526,156600814.35240948
Europe,Denmark,member,2013.0,921.1789153,55270734.918,121851112.5264975
Europe,Estonia,member,2013.0,156.214012,9372840.719999999,20663576.682308838
Europe,Finland,member,2013.0,1275.4679654,76528077.924,168715531.79794997
Europe,France,member,2013.0,6713.1048553,402786291.318,887991769.6107271
Europe,Germany,member,2013.0,21174.3069122,1270458414.732,2800881361.237857
Europe,Greece,member,2013.0,1269.0939563,76145637.37799999,167872394.7187257
Europe,Hungary,member,2013.0,557.3970482,33443822.891999997,73731008.50884809
Europe,Ireland,member,2013.0,232.744596,13964675.76,30786840.08729634
Europe,Italy,member,2013.0,8822.5448997,529352693.98200005,1167022924.0899577
Europe,Latvia,member,2013.0,161.2889113,9677334.678000001,21334870.950332288
Europe,Lithuania,member,2013.0,362.1864369,21731186.213999998,47909064.72701925
Europe,Luxembourg,member,2013.0,378.1732517,22690395.101999998,50023758.34058364
Europe,Malta,member,2013.0,21.8973088,1313838.5280000002,2896518.140286905
Europe,Netherlands,member,2013.0,3406.7949082,204407694.49199998,450641827.3572668
Europe,Poland,member,2013.0,3284.3826312,197062957.872,434449454.8532848
Europe,Portugal,member,2013.0,1062.6816116,63760896.695999995,140568715.2454425
Europe,Romania,member,2013.0,971.4770729,58288624.374,128504419.8914377
Europe,Slovakia,member,2013.0,798.425339,47905520.34,105613593.8530593
Europe,Slovenia,member,2013.0,257.9152003,15474912.017999997,34116341.106021225
Europe,Spain,member,2013.0,5136.9432641,308216595.846,679501279.6316904
Europe,Sweden,member,2013.0,1709.3890993,102563345.95799999,226113472.67163453
Asia & Oceania,Japan,member,2013.0,8381.262867,502875772.02,1108651302.9755752
Europe,Norway,member,2013.0,781.4842885,46889057.31,103372676.46284711
Europe,Russian Federation,member,2013.0,4410.1934609,264611607.654,583368736.238105
Europe,Switzerland,member,2013.0,2666.7506995,160005041.97,352750735.13712066
Africa,Tunisia,member,2013.0,438.9672683,26338036.098,58065430.196752705
Europe,United Kingdom,member,2013.0,4206.0909254,252365455.524,556370592.2216904
North America,United States of America,member,2013.0,27015.5401601,1620932409.6060002,3573544258.707218
Europe,Austria,member,2014.0,1525.0810799,91504864.794,201733694.93417805
Europe,Belgium,member,2014.0,5211.7492738,312704956.42800003,689396420.9057875
Europe,Bulgaria,member,2014.0,620.7089657,37242537.942,82105741.64204015
Europe,Croatia,member,2014.0,419.6735498,25180412.987999998,55513308.10087035
Europe,Cyprus,member,2014.0,94.3881005,5663286.029999999,12485408.495745076
Europe,Czechia,member,2014.0,1822.6907791,109361446.746,241100719.4544757
Europe,Denmark,member,2014.0,853.4238792,51205432.752,112888655.4066781
Europe,Estonia,member,2014.0,130.8537127,7851222.761999999,17308983.310288835
Europe,Finland,member,2014.0,1213.0553801,72783322.80600001,160459759.95151865
Europe,France,member,2014.0,7112.3061337,426738368.022,940797059.7526519
Europe,Germany,member,2014.0,22077.6936639,1324661619.834,2920378973.382501
Europe,Greece,member,2014.0,1233.6054064,74016324.384,163178063.12315416
Europe,Hungary,member,2014.0,833.4492506,50006955.036,110246464.32220139
Europe,Ireland,member,2014.0,291.8597102,17511582.612,38606431.17081031
Europe,Italy,member,2014.0,9349.8224226,560989345.3560001,1236769801.38866
Europe,Latvia,member,2014.0,213.3881125,12803286.750000002,28226415.60308237
Europe,Lithuania,member,2014.0,396.4783766,23788702.596,52445111.887603424
Europe,Luxembourg,member,2014.0,413.0426555,24782559.330000002,54636190.92625778
Europe,Malta,member,2014.0,24.6340662,1478043.972,3258529.1767602284
Europe,Netherlands,member,2014.0,4016.0222823,240961336.938,531228814.4047348
Europe,Poland,member,2014.0,3229.2077791,193752466.746,427151071.2274715
Europe,Portugal,member,2014.0,1059.7494969,63584969.813999996,140180862.86159378
Europe,Romania,member,2014.0,958.4832475,57508994.849999994,126785631.00616513
Europe,Slovakia,member,2014.0,918.8925842,55133555.052,121548682.69065155
Europe,Slovenia,member,2014.0,268.9250769,16135504.614000002,35572698.48698945
Europe,Spain,member,2014.0,5405.5576389,324333458.334,715032879.2659808
Europe,Sweden,member,2014.0,2198.4630628,131907783.76799999,290806884.093031
Asia & Oceania,Japan,member,2014.0,7656.9829903,459418979.418,1012845474.9321623
Europe,Norway,member,2014.0,743.1754294,44590525.764,98305281.81949966
Europe,Russian Federation,member,2014.0,4746.9496269,284816977.614,627913951.9347695
Europe,Switzerland,member,2014.0,2643.1063138,158586378.828,349623118.2814827
Africa,Tunisia,member,2014.0,460.0278903,27601673.418,60851273.61823861
Europe,United Kingdom,member,2014.0,4318.695591,259121735.46,571265639.8081473
North America,United States of America,member,2014.0,27565.4976238,1653929857.4280002,3646291178.6389146
Europe,Austria,member,2015.0,1513.3902855,90803417.13,200187267.54607978
Europe,Belgium,member,2015.0,5533.5142058,332010852.34800005,731958635.7861011
Europe,Bulgaria,member,2015.0,681.7565892,40905395.352000006,90180959.94873706
Europe,Croatia,member,2015.0,437.201445,26232086.7,57831851.757150516
Europe,Cyprus,member,2015.0,89.3048755,5358292.529999999,11813012.926127868
Europe,Czechia,member,2015.0,2067.8385692,124070314.15200001,273528221.2795354
Europe,Denmark,member,2015.0,840.7776365,50446658.19,111215843.84240857
Europe,Estonia,member,2015.0,126.2006378,7572038.268,16693486.859146694
Europe,Finland,member,2015.0,1320.8022792,79248136.752,174712235.0229216
Europe,France,member,2015.0,6808.5666402,408513998.41199994,900619202.24149
Europe,Germany,member,2015.0,21316.2117179,1278972703.0740001,2819652153.925584
Europe,Greece,member,2015.0,1209.9645243,72597871.45799999,160050909.71446523
Europe,Hungary,member,2015.0,714.2093939,42852563.634,94473731.19178306
Europe,Ireland,member,2015.0,356.5710867,21394265.202000003,47166281.04218747
Europe,Italy,member,2015.0,9328.1932718,559691596.308,1233908754.4799547
Europe,Latvia,member,2015.0,201.5931207,12095587.242,26666205.258273453
Europe,Lithuania,member,2015.0,427.7571993,25665431.958,56582591.89415874
Europe,Luxembourg,member,2015.0,376.2258486,22573550.916,49766161.004896395
Europe,Malta,member,2015.0,16.3133795,978802.7699999999,2157890.7290714425
Europe,Netherlands,member,2015.0,4176.2358257,250574149.54199997,552421438.5311179
Europe,Poland,member,2015.0,3665.6120676,219936724.05600002,484877477.2294387
Europe,Portugal,member,2015.0,1043.8569623,62631417.738000005,138078640.38373217
Europe,Romania,member,2015.0,1011.6432213,60698593.278000005,133817491.85515116
Europe,Slovakia,member,2015.0,910.3847558,54623085.348000005,120423289.63344409
Europe,Slovenia,member,2015.0,271.7857211,16307143.265999999,35951096.94197249
Europe,Spain,member,2015.0,5428.5651704,325713910.22400004,718076254.7310505
Europe,Sweden,member,2015.0,2120.5513369,127233080.214,280500926.88744
Asia & Oceania,Japan,member,2015.0,8063.3980222,483803881.332,1066604981.3233602
Europe,Norway,member,2015.0,799.7403054,47984418.324,105787534.13340406
Europe,Russian Federation,member,2015.0,4710.0381459,282602288.754,623031398.7736542
Europe,Switzerland,member,2015.0,2747.8585079,164871510.474,363479461.68955964
Africa,Tunisia,member,2015.0,458.7069518,27522417.108000003,60676543.36428826
Europe,United Kingdom,member,2015.0,4895.4072875,293724437.25000006,647551538.9515109
North America,United States of America,member,2015.0,27707.6637017,1662459822.102,3665096531.722796
Europe,Austria,member,2016.0,1494.9385599,89696313.594,197746522.04588407
Europe,Belgium,member,2016.0,6052.1701635,363130209.81,800565075.2242628
Europe,Bulgaria,member,2016.0,779.1600127,46749600.762,103065227.4023612
Europe,Croatia,member,2016.0,478.6666582,28719999.492,63316760.579583704
Europe,Cyprus,member,2016.0,93.1533074,5589198.444,12322073.327651221
Europe,Czechia,member,2016.0,1779.3512446,106761074.676,235367880.36372676
Europe,Denmark,member,2016.0,905.7896194,54347377.164,119815457.13396849
Europe,Estonia,member,2016.0,134.8026375,8088158.250000001,17831336.64705271
Europe,Finland,member,2016.0,1388.9662796,83337976.776,183728788.8595795
Europe,France,member,2016.0,6737.7827096,404266962.576,891256090.9616369
Europe,Germany,member,2016.0,22368.3907812,1342103446.872,2958831619.8368707
Europe,Greece,member,2016.0,1583.737836,95024270.16000001,209492655.61952195
Europe,Hungary,member,2016.0,725.4383182,43526299.092,95959063.62363231
Europe,Ireland,member,2016.0,402.6304702,24157828.211999997,53258894.57094133
Europe,Italy,member,2016.0,10224.1888254,613451329.524,1352428678.4725692
Europe,Latvia,member,2016.0,231.2908269,13877449.614,30594539.35260795
Europe,Lithuania,member,2016.0,499.2703906,29956223.436,66042167.852198735
Europe,Luxembourg,member,2016.0,394.3287395,23659724.369999997,52160763.57283773
Europe,Malta,member,2016.0,18.5323229,1111939.3739999998,2451406.6980461273
Europe,Netherlands,member,2016.0,4781.4501766,286887010.596,632477593.4748623
Europe,Poland,member,2016.0,3827.1689541,229630137.24600002,506247795.2310519
Europe,Portugal,member,2016.0,1128.4814182,67708885.092,149272539.7740654
Europe,Romania,member,2016.0,1133.6988825,68021932.95,149962692.16353393
Europe,Slovakia,member,2016.0,906.1834351,54371006.106,119867550.03403208
Europe,Slovenia,member,2016.0,322.870291,19372217.46,42708428.84771355
Europe,Spain,member,2016.0,5660.1469376,339608816.256,748709278.8976775
Europe,Sweden,member,2016.0,2349.8694959,140992169.754,310834526.94338375
Asia & Oceania,Japan,member,2016.0,8026.1544847,481569269.082,1061678504.605947
Europe,Norway,member,2016.0,799.1477071,47948862.426,105709146.79633307
Europe,Russian Federation,member,2016.0,5232.8811694,313972870.164,692191692.2107272
Europe,Switzerland,member,2016.0,2816.0260863,168961565.178,372496488.814602
Africa,Tunisia,member,2016.0,465.5530213,27933181.278,61582123.345715694
Europe,United Kingdom,member,2016.0,5052.2934594,303137607.564,668304027.169082
North America,United States of America,member,2016.0,28837.8378373,1730270270.2380002,3814592979.681208
Europe,Austria,member,2017.0,1459.9115324,87594691.94399999,193113239.41372433
Europe,Belgium,member,2017.0,5677.3791389,340642748.334,750988708.9462928
Europe,Bulgaria,member,2017.0,706.8825173,42412951.038,93504551.31779124
Europe,Croatia,member,2017.0,439.0744122,26344464.731999997,58079602.90869669
Europe,Cyprus,member,2017.0,99.9338742,5996032.4520000005,13218988.785025926
Europe,Czechia,member,2017.0,1506.9672190000001,90418033.14,199337641.283627
Europe,Denmark,member,2017.0,852.1933331,51131599.986,112725882.02052075
Europe,Estonia,member,2017.0,133.1481382,7988888.292000001,17612483.85197581
Europe,Finland,member,2017.0,1360.0237362,81601424.17199999,179900345.7047686
Europe,France,member,2017.0,6966.5146634,417990879.804,921512149.3428828
Europe,Germany,member,2017.0,21764.7838616,1305887031.696,2878988091.65755
Europe,Greece,member,2017.0,867.1193788,52027162.728,114700259.90081996
Europe,Hungary,member,2017.0,721.5608351,43293650.10599999,95446160.40614623
Europe,Ireland,member,2017.0,426.9155363,25614932.178,56471258.93677229
Europe,Italy,member,2017.0,10020.2733155,601216398.9300001,1325455273.7082722
Europe,Latvia,member,2017.0,228.9203402,13735220.412,30280977.636391077
Europe,Lithuania,member,2017.0,432.4523425,25947140.549999997,57203653.02885144
Europe,Luxembourg,member,2017.0,379.9285554,22795713.324,50255945.27529786
Europe,Malta,member,2017.0,16.754442,1005266.5200000001,2216233.3109804257
Europe,Netherlands,member,2017.0,5067.7405401,304064432.406,670347326.1822479
Europe,Poland,member,2017.0,3999.3185993,239959115.95800003,529019295.36013424
Europe,Portugal,member,2017.0,1093.954625,65637277.5,144705426.81314602
Europe,Romania,member,2017.0,1154.5733407,69274400.442,152723910.32952884
Europe,Slovakia,member,2017.0,723.0503587,43383021.522,95643190.65160662
Europe,Slovenia,member,2017.0,401.4388073,24086328.438,53101264.55172378
Europe,Spain,member,2017.0,5414.2292529,324853755.17399997,716179937.4495218
Europe,Sweden,member,2017.0,2306.3321627,138379929.76200002,305075523.5633193
Asia & Oceania,Japan,member,2017.0,7646.6367813,458798206.878,1011476905.7474551
Europe,Norway,member,2017.0,800.8572992,48051437.952,105935287.12140083
Europe,Russian Federation,member,2017.0,5467.7826822,328066960.932,723263843.5522673
Europe,Switzerland,member,2017.0,2903.6180834,174217085.004,384082926.7125828
Africa,Tunisia,member,2017.0,546.1558124,32769348.743999995,72244047.54431428
Europe,United Kingdom,member,2017.0,4989.0378993,299342273.95800006,659936748.8438271
North America,United States of America,member,2017.0,29487.886464,1769273187.84,3900579694.144728
Europe,Austria,member,2018.0,1429.4068315,85764409.88999999,189078158.19310984
Europe,Belgium,member,2018.0,5742.2534044,344535204.264,759570105.344125
Europe,Bulgaria,member,2018.0,737.2439834,44234639.004,97520685.81758675
Europe,Croatia,member,2018.0,445.5136108,26730816.648,58931363.082705386
Europe,Cyprus,member,2018.0,133.1795419,7990772.514,17616637.850421596
Europe,Czechia,member,2018.0,1903.1589019,114189534.114,251744830.0862367
Europe,Denmark,member,2018.0,867.9505231,52077031.38600001,114810201.47236808
Europe,Estonia,member,2018.0,147.1377814,8828266.884,19462996.88419561
Europe,Finland,member,2018.0,1284.8228208,77089369.24800001,169952967.34828854
Europe,France,member,2018.0,7624.0190207,457441141.242,1008485088.1469942
Europe,Germany,member,2018.0,22147.1814288,1328830885.728,2929570631.288921
Europe,Greece,member,2018.0,1160.0236583,69601419.498,153444863.93816248
Europe,Hungary,member,2018.0,779.2133677,46752802.06200001,103072285.06076054
Europe,Ireland,member,2018.0,439.6141118,26376846.708,58150992.9455265
Europe,Italy,member,2018.0,10639.3546185,638361277.11,1407345712.4297626
Europe,Latvia,member,2018.0,242.7429785,14564578.709999999,32109399.70178089
Europe,Lithuania,member,2018.0,441.4662257,26487973.542,58395985.67765747
Europe,Luxembourg,member,2018.0,433.3236938,25999421.628,57318913.076104954
Europe,Malta,member,2018.0,19.3776287,1162657.7219999998,2563221.515389788
Europe,Netherlands,member,2018.0,5520.4375542,331226253.25200003,730228890.8699764
Europe,Poland,member,2018.0,4325.0623313,259503739.878,572107815.3897167
Europe,Portugal,member,2018.0,1140.202501,68412150.06,150822973.63167283
Europe,Romania,member,2018.0,1174.1428318,70448569.908,155312510.89615798
Europe,Slovakia,member,2018.0,889.5169401,53371016.406,117662950.1197951
Europe,Slovenia,member,2018.0,549.6602152,32979612.912000004,72707600.68565157
Europe,Spain,member,2018.0,5673.0006739,340380040.434,750409537.1670141
Europe,Sweden,member,2018.0,2262.2141242,135732847.452,299239706.02079433
Asia & Oceania,Japan,member,2018.0,7539.9818233,452398909.39799994,997368869.7590992
Europe,Norway,member,2018.0,743.340422,44600425.32,98327106.60460353
Europe,Russian Federation,member,2018.0,5287.5415624,317252493.744,699422024.5463481
Europe,Switzerland,member,2018.0,3086.0189131,185161134.786,408210426.4366326
Africa,Tunisia,member,2018.0,532.966563,31977993.779999997,70499408.48876658
Europe,United Kingdom,member,2018.0,5687.8597414,341271584.48399997,752375055.3480198
North America,United States of America,member,2018.0,28918.207055,1735092423.3,3825224007.407716
Europe,Austria,member,2019.0,1447.5136643,86850819.85800001,191473282.18516603
Europe,Belgium,member,2019.0,6198.896527,371933791.62,819973650.835896
Europe,Bulgaria,member,2019.0,784.8967153,47093802.918000005,103824063.26196836
Europe,Croatia,member,2019.0,466.4175265,27985051.590000004,61696477.80895332
Europe,Cyprus,member,2019.0,133.2248737,7993492.422,17622634.22112775
Europe,Czechia,member,2019.0,1608.9214704,96535288.224,212823880.22544032
Europe,Denmark,member,2019.0,907.935154,54476109.24,120099262.78087582
Europe,Estonia,member,2019.0,147.848908,8870934.48,19557062.831557166
Europe,Finland,member,2019.0,1515.473931,90928435.86,200462886.66639277
Europe,France,member,2019.0,7992.9050358,479574302.14800006,1057280355.373408
Europe,Germany,member,2019.0,22431.9054319,1345914325.9139998,2967233169.9819975
Europe,Greece,member,2019.0,1246.2741298,74776447.788,164853848.3750102
Europe,Hungary,member,2019.0,772.9696635,46378179.81,102246384.36935294
Europe,Ireland,member,2019.0,438.2803679,26296822.074,57974568.82710484
Europe,Italy,member,2019.0,10913.7572243,654825433.458,1443642963.9642386
Europe,Latvia,member,2019.0,234.9406901,14096441.406,31077333.61125062
Europe,Lithuania,member,2019.0,473.6308935,28417853.61,62650642.933027685
Europe,Luxembourg,member,2019.0,402.2667298,24136003.788000003,53210779.9520821
Europe,Malta,member,2019.0,23.3711797,1402270.7820000001,3091477.8879564903
Europe,Netherlands,member,2019.0,5354.0230034,321241380.204,708216013.8720552
Europe,Poland,member,2019.0,4452.456931,267147415.85999998,588959236.3737254
Europe,Portugal,member,2019.0,1219.7647634,73185885.804,161347259.44362918
Europe,Romania,member,2019.0,1165.0612778,69903676.668,154111226.93276083
Europe,Slovakia,member,2019.0,773.4997431,46409984.586,102316501.89800541
Europe,Slovenia,member,2019.0,619.5004358,37170026.148,81945880.50063682
Europe,Spain,member,2019.0,5983.5108496,359010650.976,791483002.6267844
Europe,Sweden,member,2019.0,2347.7968201,140867809.20599997,310560358.8659972
Asia & Oceania,Japan,member,2019.0,8039.6779934,482380679.604,1063467358.5983553
Europe,Norway,member,2019.0,785.890388,47153423.28,103955503.66075642
Europe,Russian Federation,member,2019.0,5916.632578,354997954.68,782636521.5980091
Europe,Switzerland,member,2019.0,3228.3829791,193702978.746,427041968.8631613
Africa,Tunisia,member,2019.0,508.332,30499920.0,67240813.59661525
Europe,United Kingdom,member,2019.0,5554.3638794,333261832.764,734716575.510706
North America,United States of America,member,2019.0,30854.0726487,1851244358.922,4081295192.2516418
