region,country,ico_member,calendar_year,re_exports_1k_bags,re_exports_kg,re_exports_lb
Europe,Austria,member,1990.0,414.5930184,24875581.104,54841268.833542794
Europe,Belgium,member,1990.0,863.3113849305349,51798683.095832095,114196548.53511062
Europe,Bulgaria,member,1990.0,166.4,9984000.0,22010952.2565504
Europe,Croatia,member,1990.0,,,
Europe,Cyprus,member,1990.0,16.2829999,976979.9940000001,2153872.195867277
Europe,Czechia,member,1990.0,,,
Europe,Denmark,member,1990.0,93.9660043,5637960.258,12429574.725878064
Europe,Estonia,member,1990.0,,,
Europe,Finland,member,1990.0,18.7060002,1122360.0119999999,2474380.272315037
Europe,France,member,1990.0,912.5820053,54754920.317999996,120713935.99065699
Europe,Germany,member,1990.0,3291.6890439,197501342.634,435415927.8166643
Europe,Greece,member,1990.0,11.1669961,670019.7660000001,1477140.7332102438
Europe,Hungary,member,1990.0,,,
Europe,Ireland,member,1990.0,9.5920001,575520.0059999999,1268804.4245548476
Europe,Italy,member,1990.0,382.5370134,22952220.804,50600985.2061946
Europe,Latvia,member,1990.0,,,
Europe,Lithuania,member,1990.0,,,
Europe,Luxembourg,member,1990.0,27.532648769465027,1651958.9261679016,3641946.01899679
Europe,Malta,member,1990.0,1.1010004,66060.02399999999,145637.42331035392
Europe,Netherlands,member,1990.0,585.3970074,35123820.444,77434769.11663991
Europe,Poland,member,1990.0,100.473,6028380.0,13290302.921108102
Europe,Portugal,member,1990.0,30.570001,1834200.06,4043718.9452746273
Europe,Romania,member,1990.0,,,
Europe,Slovakia,member,1990.0,,,
Europe,Slovenia,member,1990.0,,,
Europe,Spain,member,1990.0,264.5380003,15872280.018000001,34992387.588020526
Europe,Sweden,member,1990.0,77.3320034,4639920.204,10229273.045317266
Asia & Oceania,Japan,member,1990.0,19.9019995,1194119.97,2632583.899064843
Europe,Norway,member,1990.0,8.3759998,502559.98800000007,1107955.1183814646
Europe,Russian Federation,member,1990.0,,,
Europe,Switzerland,member,1990.0,166.028998,9961739.879999999,21961877.092433304
Africa,Tunisia,member,1990.0,,,
Europe,United Kingdom,member,1990.0,482.210998,28932659.880000003,63785596.481739916
North America,United States of America,member,1990.0,825.1680085,49510080.51,109151043.50196078
Europe,Austria,member,1991.0,756.1850347,45371102.081999995,100026158.02824283
Europe,Belgium,member,1991.0,1005.9852482584063,60359114.89550438,133069070.13347225
Europe,Bulgaria,member,1991.0,183.459,11007540.0,24267471.694918748
Europe,Croatia,member,1991.0,,,
Europe,Cyprus,member,1991.0,7.2290003,433740.018,956233.0556844262
Europe,Czechia,member,1991.0,,,
Europe,Denmark,member,1991.0,74.2150035,4452900.209999999,9816964.535806613
Europe,Estonia,member,1991.0,,,
Europe,Finland,member,1991.0,20.513,1230780.0,2713405.430520543
Europe,France,member,1991.0,1006.871008,60412260.48,133186236.09130274
Europe,Germany,member,1991.0,3251.635055,195098103.3,430117692.0152082
Europe,Greece,member,1991.0,20.0849946,1205099.6760000002,2656790.007293706
Europe,Hungary,member,1991.0,260.7590059,15645540.353999998,34492512.19549546
Europe,Ireland,member,1991.0,5.3009998,318059.98799999995,701202.2446501395
Europe,Italy,member,1991.0,401.9830164,24118980.984,53173251.09329638
Europe,Latvia,member,1991.0,,,
Europe,Lithuania,member,1991.0,,,
Europe,Luxembourg,member,1991.0,32.082790741593676,1924967.4444956204,4243826.77445983
Europe,Malta,member,1991.0,3.1290007,187740.04200000002,413895.9436202691
Europe,Netherlands,member,1991.0,633.1130082,37986780.492,83746515.60391347
Europe,Poland,member,1991.0,6.8470007,410820.04199999996,905703.1581025671
Europe,Portugal,member,1991.0,34.080001,2044800.0600000003,4508012.469436238
Europe,Romania,member,1991.0,0.033,1980.0,4365.152791263
Europe,Slovakia,member,1991.0,,,
Europe,Slovenia,member,1991.0,,,
Europe,Spain,member,1991.0,268.2749995,16096499.969999999,35486707.96646985
Europe,Sweden,member,1991.0,113.5300056,6811800.335999999,15017449.11627103
Asia & Oceania,Japan,member,1991.0,34.4949989,2069699.934,4562907.294937852
Europe,Norway,member,1991.0,3.5619996,213719.976,471171.8938308391
Europe,Russian Federation,member,1991.0,,,
Europe,Switzerland,member,1991.0,151.4020009,9084120.054,20027056.570649642
Africa,Tunisia,member,1991.0,,,
Europe,United Kingdom,member,1991.0,485.1740014,29110440.084,64177534.74119541
North America,United States of America,member,1991.0,1010.4500115,60627000.69,133659657.21608956
Europe,Austria,member,1992.0,960.0820413,57604922.478,126997115.22491436
Europe,Belgium,member,1992.0,1096.5082973470878,65790497.840825275,145043219.84265697
Europe,Bulgaria,member,1992.0,7.3530002,441180.01200000005,972635.4347632546
Europe,Croatia,member,1992.0,33.6450014,2018700.084,4450471.871916896
Europe,Cyprus,member,1992.0,3.5720001,214320.006,472494.7335426277
Europe,Czechia,member,1992.0,2.5749985,154499.91,340613.99665978906
Europe,Denmark,member,1992.0,102.7880053,6167280.317999999,13596525.70435306
Europe,Estonia,member,1992.0,3.4690002,208140.012,458870.17896733043
Europe,Finland,member,1992.0,35.0330012,2101980.0719999997,4634072.817409091
Europe,France,member,1992.0,1022.6200107,61357200.642,135269472.54874253
Europe,Germany,member,1992.0,3318.1520548,199089123.288,438916384.96500844
Europe,Greece,member,1992.0,28.755999,1725359.94,3803767.5545577584
Europe,Hungary,member,1992.0,173.889003,10433340.18,23001577.78228455
Europe,Ireland,member,1992.0,3.8390003,230340.01799999998,507812.8144001362
Europe,Italy,member,1992.0,464.5910189,27875461.134,61454872.210516855
Europe,Latvia,member,1992.0,1.0,60000.0,132277.357311
Europe,Lithuania,member,1992.0,0.3090002,18540.012,40873.72986457046
Europe,Luxembourg,member,1992.0,34.969743652912285,2098184.619174737,4625705.276250352
Europe,Malta,member,1992.0,2.0429997,122579.98200000002,270242.60130316584
Europe,Netherlands,member,1992.0,648.0850059,38885100.35400001,85726971.89333586
Europe,Poland,member,1992.0,136.8280026,8209680.155999999,18099246.590070635
Europe,Portugal,member,1992.0,40.2600007,2415600.042,5325486.49793501
Europe,Romania,member,1992.0,2.5250001,151500.00600000002,334000.3404380108
Europe,Slovakia,member,1992.0,,,
Europe,Slovenia,member,1992.0,7.3760004,442560.024,975677.8404368788
Europe,Spain,member,1992.0,286.6110013,17196660.078,37912145.828223586
Europe,Sweden,member,1992.0,137.5900065,8255400.39,18200042.452223312
Asia & Oceania,Japan,member,1992.0,27.1839993,1631039.9579999999,3595827.5885480735
Europe,Norway,member,1992.0,2.6810001,160860.006,354635.60817852675
Europe,Russian Federation,member,1992.0,4.701,282060.0,621835.856719011
Europe,Switzerland,member,1992.0,155.3599985,9321599.91,20550610.033420924
Africa,Tunisia,member,1992.0,,,
Europe,United Kingdom,member,1992.0,570.1640013,34209840.078,75419787.32582957
North America,United States of America,member,1992.0,1376.5800158,82594800.948,182090366.61715862
Europe,Austria,member,1993.0,535.4880203,32129281.218,70832940.19698311
Europe,Belgium,member,1993.0,1234.4539509139108,74067237.05483465,163290306.34901503
Europe,Bulgaria,member,1993.0,70.4880001,4229280.005999999,9323966.375365501
Europe,Croatia,member,1993.0,30.8840013,1853040.078,4085254.0751534887
Europe,Cyprus,member,1993.0,1.8959997,113759.98199999999,250797.8297784488
Europe,Czechia,member,1993.0,65.8820013,3952920.078,8714697.026323868
Europe,Denmark,member,1993.0,103.3910034,6203460.204,13676288.699484617
Europe,Estonia,member,1993.0,6.9589992,417539.952,920518.0237053632
Europe,Finland,member,1993.0,197.5920068,11855520.408,26136948.485281143
Europe,France,member,1993.0,975.7880072,58547280.432,129074658.88818303
Europe,Germany,member,1993.0,3282.2700648,196936203.88799998,434170010.1527487
Europe,Greece,member,1993.0,226.8729995,13612379.97,30010160.819079828
Europe,Hungary,member,1993.0,111.2740025,6676440.149999999,14719030.988117605
Europe,Ireland,member,1993.0,3.2319996,193919.976,427520.3659182091
Europe,Italy,member,1993.0,664.4420229,39866521.374,87890634.87558694
Europe,Latvia,member,1993.0,18.3260017,1099560.102,2424115.0749528934
Europe,Lithuania,member,1993.0,0.3,18000.0,39683.2071933
Europe,Luxembourg,member,1993.0,39.369093986089275,2362145.6391653568,5207639.712208273
Europe,Malta,member,1993.0,0.8410007,50460.042,111245.35009270112
Europe,Netherlands,member,1993.0,425.2770066,25516620.395999998,56254518.558180705
Europe,Poland,member,1993.0,125.7826335,7546958.01,16638194.354998058
Europe,Portugal,member,1993.0,38.2700008,2296200.048,5062254.570113855
Europe,Romania,member,1993.0,5.7600001,345600.006,761917.5913390957
Europe,Slovakia,member,1993.0,12.7810003,766860.0179999999,1690636.943475098
Europe,Slovenia,member,1993.0,4.6300007,277800.042,612444.2569440801
Europe,Spain,member,1993.0,168.4769998,10108619.988,22285692.301229876
Europe,Sweden,member,1993.0,138.2070057,8292420.342,18281657.475862313
Asia & Oceania,Japan,member,1993.0,34.2839988,2057039.928,4534996.759317496
Europe,Norway,member,1993.0,2.5990004,155940.024,343788.9045622319
Europe,Russian Federation,member,1993.0,0.215,12900.0,28439.631821865
Europe,Switzerland,member,1993.0,166.086996,9965219.76,21969548.914602626
Africa,Tunisia,member,1993.0,,,
Europe,United Kingdom,member,1993.0,629.2929999,37757579.994,83241215.00108339
North America,United States of America,member,1993.0,1719.5840155,103175040.92999999,227462029.24457765
Europe,Austria,member,1994.0,380.9950083,22859700.498,50397012.84660651
Europe,Belgium,member,1994.0,1263.948319861469,75836899.19168814,167191743.52895364
Europe,Bulgaria,member,1994.0,109.9040006,6594240.036,14537810.757274559
Europe,Croatia,member,1994.0,29.5880012,1775280.0720000002,3913822.606850697
Europe,Cyprus,member,1994.0,1.467,88020.0,194050.883175237
Europe,Czechia,member,1994.0,45.0730028,2704380.1679999996,5962137.696455303
Europe,Denmark,member,1994.0,124.7010013,7482060.078,16495118.905999575
Europe,Estonia,member,1994.0,19.9340031,1196040.1860000002,2636817.250697282
Europe,Finland,member,1994.0,217.4950079,13049700.474,28769664.873347066
Europe,France,member,1994.0,1165.3900048,69923400.288,154154710.0715976
Europe,Germany,member,1994.0,3469.2700661,208156203.966,458905876.14186627
Europe,Greece,member,1994.0,145.8419994,8750519.964,19291594.265584446
Europe,Hungary,member,1994.0,47.2910018,2837460.108,6255528.742693745
Europe,Ireland,member,1994.0,3.4170004,205020.024,451991.78284262994
Europe,Italy,member,1994.0,786.1360291,47168161.74599999,103987996.41631138
Europe,Latvia,member,1994.0,16.9090012,1014540.0719999999,2236677.9935045275
Europe,Lithuania,member,1994.0,9.5770031,574620.186,1266820.6610272545
Europe,Luxembourg,member,1994.0,40.30972573853104,2418583.5443118624,5332063.994624084
Europe,Malta,member,1994.0,1.6210012,97260.072,214421.75493395978
Europe,Netherlands,member,1994.0,677.6750103,40660500.61800001,89641059.47818872
Europe,Poland,member,1994.0,100.4778114,6028668.683999999,13290939.360385068
Europe,Portugal,member,1994.0,52.0510004,3123060.0239999997,6885168.778305803
Europe,Romania,member,1994.0,0.4,24000.0,52910.9429244
Europe,Slovakia,member,1994.0,23.1379183,1388275.0979999998,3060622.6864018254
Europe,Slovenia,member,1994.0,7.0789989,424739.934,936391.266899476
Europe,Spain,member,1994.0,237.2369985,14234219.91,31381083.21797367
Europe,Sweden,member,1994.0,223.9190074,13435140.444,29619414.550574254
Asia & Oceania,Japan,member,1994.0,27.1189994,1627139.9640000002,3587229.573550595
Europe,Norway,member,1994.0,6.0180003,361080.018,796045.1759808052
Europe,Russian Federation,member,1994.0,13.524,811440.0,1788918.980273964
Europe,Switzerland,member,1994.0,196.0289979,11761739.874000002,25930197.798535574
Africa,Tunisia,member,1994.0,,,
Europe,United Kingdom,member,1994.0,817.1220002,49027320.012,108086738.78713442
North America,United States of America,member,1994.0,2572.1410225,154328461.35,340236017.0875134
Europe,Austria,member,1995.0,228.6660055,13719960.33,30247334.914402593
Europe,Belgium,member,1995.0,1287.4246112939718,77245476.6776383,170297125.31910798
Europe,Bulgaria,member,1995.0,122.0100008,7320600.0479999995,16139160.471336994
Europe,Croatia,member,1995.0,31.6510013,1899060.078,4186710.8082110253
Europe,Cyprus,member,1995.0,1.0910001,65460.006,144314.61005403675
Europe,Czechia,member,1995.0,41.7430019,2504580.114,5521653.977560052
Europe,Denmark,member,1995.0,119.3620039,7161720.234000001,15788890.439237278
Europe,Estonia,member,1995.0,24.6299981,1477799.886,3257991.059242951
Europe,Finland,member,1995.0,96.8210038,5809260.228,12807226.51486229
Europe,France,member,1995.0,1080.6650034,64839900.204,142947510.78823483
Europe,Germany,member,1995.0,3220.3840543,193223043.258,425983892.2292879
Europe,Greece,member,1995.0,139.2209998,8353259.988,18415785.93573926
Europe,Hungary,member,1995.0,72.0899988,4325399.928,9535874.529817162
Europe,Ireland,member,1995.0,8.0770006,484620.036,1068404.2943673613
Europe,Italy,member,1995.0,748.50203,44910121.800000004,99009870.47031885
Europe,Latvia,member,1995.0,15.3304876,919829.256,2027876.386017055
Europe,Lithuania,member,1995.0,45.3342247,2720053.482,5996691.439059062
Europe,Luxembourg,member,1995.0,41.058429506028226,2463505.7703616936,5431100.550397401
Europe,Malta,member,1995.0,1.445845,86750.7,191252.5556813228
Europe,Netherlands,member,1995.0,616.9450076,37016700.456,81607855.21154281
Europe,Poland,member,1995.0,134.0490125,8042940.750000001,17731649.123649206
Europe,Portugal,member,1995.0,73.9890037,4439340.222,9787069.879509801
Europe,Romania,member,1995.0,1.5670002,94020.01200000002,207278.6453618085
Europe,Slovakia,member,1995.0,27.0927342,1625564.052,3583755.2823053496
Europe,Slovenia,member,1995.0,8.0900001,485400.00599999994,1070123.8338737255
Europe,Spain,member,1995.0,397.1299996,23827799.976000004,52531306.856006496
Europe,Sweden,member,1995.0,216.600008,12996000.48,28651276.65178146
Asia & Oceania,Japan,member,1995.0,7.0789985,424739.91,936391.213988533
Europe,Norway,member,1995.0,4.9580003,297480.018,655831.1772311452
Europe,Russian Federation,member,1995.0,77.8520012,4671120.072,10298056.9801088
Europe,Switzerland,member,1995.0,174.7029984,10482179.904000001,23109250.942659862
Africa,Tunisia,member,1995.0,,,
Europe,United Kingdom,member,1995.0,632.916997,37975019.82000001,83720587.76037413
North America,United States of America,member,1995.0,1840.9860283,110459161.69800001,243520766.6699979
Europe,Austria,member,1996.0,162.6780051,9760680.306,21518616.60725338
Europe,Belgium,member,1996.0,1441.2231909720701,86473391.45832421,190641194.99711213
Europe,Bulgaria,member,1996.0,25.685,1541100.0,3397543.922533035
Europe,Croatia,member,1996.0,17.367,1042020.0,2297260.864420137
Europe,Cyprus,member,1996.0,0.7609999,45659.99399999999,100663.05568593525
Europe,Czechia,member,1996.0,50.3059996,3018359.9760000003,6654344.683976224
Europe,Denmark,member,1996.0,110.9852031,6659112.186000001,14680829.366692606
Europe,Estonia,member,1996.0,32.7039963,1962239.778,4325998.204072722
Europe,Finland,member,1996.0,171.6317068,10297902.408,22702988.606280386
Europe,France,member,1996.0,1182.424108,70945446.48,156407936.22705647
Europe,Germany,member,1996.0,3613.4425635,216806553.80999997,477976633.09486526
Europe,Greece,member,1996.0,50.6188984,3037133.904,6695734.110346006
Europe,Hungary,member,1996.0,31.9430004,1916580.0239999997,4225335.677496215
Europe,Ireland,member,1996.0,11.385,683100.0,1505977.712985735
Europe,Italy,member,1996.0,826.0727337,49564364.022,109270718.16050945
Europe,Latvia,member,1996.0,15.9851411,959108.466,2114472.2209514515
Europe,Lithuania,member,1996.0,83.3801728,5002810.368,11029308.910118522
Europe,Luxembourg,member,1996.0,45.96335992792969,2757801.5956757814,6079911.784400855
Europe,Malta,member,1996.0,0.1565903,9395.418,20713.351064536684
Europe,Netherlands,member,1996.0,574.5991092,34475946.552,76006451.67823072
Europe,Poland,member,1996.0,168.6178517,10117071.102,22304323.81833411
Europe,Portugal,member,1996.0,98.8646047,5931876.282,13077548.64131267
Europe,Romania,member,1996.0,0.39,23400.0,51588.16935129
Europe,Slovakia,member,1996.0,16.0764387,964586.322,2126548.8262082883
Europe,Slovenia,member,1996.0,10.8013881,648083.286,1428779.0731584833
Europe,Spain,member,1996.0,595.0753047,35704518.282,78714988.70675409
Europe,Sweden,member,1996.0,224.5805079,13474830.474,29706916.088574156
Asia & Oceania,Japan,member,1996.0,6.1659999,369959.994,815622.1719518903
Europe,Norway,member,1996.0,6.5970003,395820.01800000004,872633.7658638743
Europe,Russian Federation,member,1996.0,64.8500002,3891000.0119999996,8578186.64807382
Europe,Switzerland,member,1996.0,242.5340017,14552040.102,32081756.802937582
Africa,Tunisia,member,1996.0,,,
Europe,United Kingdom,member,1996.0,552.3925986,33143555.916,73069033.140964
North America,United States of America,member,1996.0,2048.5323287,122911939.72200002,270974442.80658484
Europe,Austria,member,1997.0,222.1238083,13327428.498,29381950.357779168
Europe,Belgium,member,1997.0,1606.8694203744785,96412165.2224687,212552440.47099435
Europe,Bulgaria,member,1997.0,19.2360001,1154160.0059999998,2544487.2584621315
Europe,Croatia,member,1997.0,23.9010009,1434060.054,3161561.2361398325
Europe,Cyprus,member,1997.0,0.8449999,50699.994,111774.35370005926
Europe,Czechia,member,1997.0,75.645004,4538700.24,10006121.222900026
Europe,Denmark,member,1997.0,140.6133057,8436798.342000002,18599956.480759777
Europe,Estonia,member,1997.0,42.2529983,2535179.898,5589114.953590176
Europe,Finland,member,1997.0,205.0960062,12305760.372,27129557.69517647
Europe,France,member,1997.0,1165.9244044,69955464.264,154225399.03843367
Europe,Germany,member,1997.0,3935.1165587,236106993.52199998,520526819.09559256
Europe,Greece,member,1997.0,49.7497993,2984987.958,6580771.978156638
Europe,Hungary,member,1997.0,73.3109968,4398659.807999999,9697384.918539176
Europe,Ireland,member,1997.0,9.3250002,559500.012,1233486.3833805465
Europe,Italy,member,1997.0,825.7128305,49542769.830000006,109223111.11632569
Europe,Latvia,member,1997.0,23.6763121,1420578.726,3131839.995458453
Europe,Lithuania,member,1997.0,78.7771562,4726629.3719999995,10420434.038611857
Europe,Luxembourg,member,1997.0,51.246134525521384,3074768.0715312827,6778703.247439965
Europe,Malta,member,1997.0,0.6111935,36671.61,80847.06098566068
Europe,Netherlands,member,1997.0,557.0450076,33422700.456,73684441.50861391
Europe,Poland,member,1997.0,287.0644599,17223867.593999997,37972128.133481525
Europe,Portugal,member,1997.0,108.409903,6504594.180000001,14340175.475181852
Europe,Romania,member,1997.0,0.6760001,40560.006,89419.50676997173
Europe,Slovakia,member,1997.0,18.428847,1105730.82,2437719.179448751
Europe,Slovenia,member,1997.0,9.9205884,595235.304,1312269.2165221618
Europe,Spain,member,1997.0,779.4273074,46765638.444000006,103100584.43890044
Europe,Sweden,member,1997.0,232.1004111,13926024.666,30701629.011104688
Asia & Oceania,Japan,member,1997.0,19.2460005,1154760.03,2545810.084946185
Europe,Norway,member,1997.0,8.8689998,532139.988,1173167.8555357875
Europe,Russian Federation,member,1997.0,327.8282715,19669696.290000003,43364257.405853026
Europe,Switzerland,member,1997.0,280.3420031,16820520.185999997,37082899.313340165
Africa,Tunisia,member,1997.0,,,
Europe,United Kingdom,member,1997.0,510.5714966,30634289.796,67537048.28857023
North America,United States of America,member,1997.0,2446.2976301,146777857.806,323589785.7057902
Europe,Austria,member,1998.0,209.6159091,12576954.546000002,27727438.5060908
Europe,Belgium,member,1998.0,2200.1058619235428,132006351.71541257,291024189.2196861
Europe,Bulgaria,member,1998.0,17.9619999,1077719.994,2375965.878792446
Europe,Croatia,member,1998.0,19.321001,1159260.06,2555730.9528831886
Europe,Cyprus,member,1998.0,0.5729999,34379.994,75794.91251146726
Europe,Czechia,member,1998.0,241.4310046,14485860.275999999,31935855.261427883
Europe,Denmark,member,1998.0,160.0631077,9603786.462,21172724.889541972
Europe,Estonia,member,1998.0,45.1280001,2707680.006,5969412.593958544
Europe,Finland,member,1998.0,185.5702054,11134212.324000001,24546736.365971465
Europe,France,member,1998.0,1192.7487109,71564922.654,157773647.41395393
Europe,Germany,member,1998.0,4063.4028551,243804171.30600002,537496191.3626003
Europe,Greece,member,1998.0,36.7920978,2207525.8680000002,4866761.466911858
Europe,Hungary,member,1998.0,63.227004,3793620.24,8363500.9998120265
Europe,Ireland,member,1998.0,10.2419997,614519.982,1354784.6538960547
Europe,Italy,member,1998.0,946.4571383,56787428.298,125194849.06245564
Europe,Latvia,member,1998.0,24.8422182,1490533.0920000002,3286062.9732392277
Europe,Lithuania,member,1998.0,50.0925487,3005552.922,6626109.963008568
Europe,Luxembourg,member,1998.0,70.16557757645705,4209934.654587423,9281317.176013699
Europe,Malta,member,1998.0,3.5186419,211118.514,465436.65185575595
Europe,Netherlands,member,1998.0,901.1308044,54067848.264,119199201.39756764
Europe,Poland,member,1998.0,328.4228966,19705373.796,43442912.842671804
Europe,Portugal,member,1998.0,95.7324036,5743944.215999999,12663229.357238062
Europe,Romania,member,1998.0,10.8369999,650219.9940000001,1433489.7079515713
Europe,Slovakia,member,1998.0,17.4363096,1046178.576,2306428.9551444193
Europe,Slovenia,member,1998.0,12.273798,736427.8799999999,1623545.5636090368
Europe,Spain,member,1998.0,700.2911044,42017466.264,92632656.6384336
Europe,Sweden,member,1998.0,191.5121082,11490726.491999999,25332715.56575429
Asia & Oceania,Japan,member,1998.0,9.0199998,541199.9880000001,1193141.7364897488
Europe,Norway,member,1998.0,4.4030003,264180.01800000004,582417.2439235403
Europe,Russian Federation,member,1998.0,84.8459974,5090759.8440000005,11223204.314487979
Europe,Switzerland,member,1998.0,254.308001,15258480.059999999,33639190.315323144
Africa,Tunisia,member,1998.0,,,
Europe,United Kingdom,member,1998.0,536.5877016,32195262.095999993,70978403.13323143
North America,United States of America,member,1998.0,2446.6024404,146796146.42400002,323630105.20675546
Europe,Austria,member,1999.0,398.479722,23908783.32,52709844.56818195
Europe,Belgium,member,1999.0,2168.513037,130110782.22,286845173.82881075
Europe,Bulgaria,member,1999.0,3.8765997,232595.982,512786.3636686154
Europe,Croatia,member,1999.0,14.9150007,894900.042,1972916.8768877152
Europe,Cyprus,member,1999.0,1.5172999,91037.994,200704.4210202446
Europe,Czechia,member,1999.0,169.9894309,10199365.854,22485752.690252844
Europe,Denmark,member,1999.0,224.914409,13494864.540000001,29751083.643685397
Europe,Estonia,member,1999.0,35.6599986,2139599.9159999997,4717010.376521959
Europe,Finland,member,1999.0,215.4710066,12928260.396000002,28501935.33018904
Europe,France,member,1999.0,1140.6958065,68441748.39,150888226.77955982
Europe,Germany,member,1999.0,3972.0198611,238321191.66599998,525408290.41311324
Europe,Greece,member,1999.0,92.1650993,5529905.958,12191355.771709895
Europe,Hungary,member,1999.0,105.0698023,6304188.138,13898355.78143323
Europe,Ireland,member,1999.0,7.4540003,447240.018,985995.4610794012
Europe,Italy,member,1999.0,1023.3980413,61403882.478,135372388.38041764
Europe,Latvia,member,1999.0,17.1657799,1029946.7940000001,2270644.0013542823
Europe,Lithuania,member,1999.0,47.8456651,2870739.906,6328898.138215142
Europe,Luxembourg,member,1999.0,83.8508033,5031048.198,11091562.668928478
Europe,Malta,member,1999.0,0.2607967,15647.802,34497.49827142967
Europe,Netherlands,member,1999.0,1094.255405,65655324.300000004,144745213.196678
Europe,Poland,member,1999.0,418.3298839,25099793.034,55335571.52650945
Europe,Portugal,member,1999.0,99.0452032,5942712.192,13101437.733627
Europe,Romania,member,1999.0,4.5496003,272976.018,601809.1045053328
Europe,Slovakia,member,1999.0,19.9572949,1197437.6940000001,2639898.2284482983
Europe,Slovenia,member,1999.0,10.9717823,658306.938,1451318.3676356054
Europe,Spain,member,1999.0,638.993809,38339628.54,84524412.39260988
Europe,Sweden,member,1999.0,176.4555049,10587330.294,23341067.87115021
Asia & Oceania,Japan,member,1999.0,7.5829994,454979.96400000004,1003059.1211228987
Europe,Norway,member,1999.0,4.8040003,288240.01800000004,635460.4642052513
Europe,Russian Federation,member,1999.0,16.3667325,982003.9500000001,2164948.1229160563
Europe,Switzerland,member,1999.0,302.2209998,18133259.987999998,39976995.177432254
Africa,Tunisia,member,1999.0,0.342883,20572.98,45355.65710686761
Europe,United Kingdom,member,1999.0,645.4906997,38729441.982,85383803.9251443
North America,United States of America,member,1999.0,2168.0046448,130080278.688,286777925.0521172
Europe,Austria,member,2000.0,408.5016134,24510096.803999998,54035513.87783178
Europe,Belgium,member,2000.0,2357.2550194,141435301.164,311811464.474322
Europe,Bulgaria,member,2000.0,5.6421993,338531.958,746335.2128259741
Europe,Croatia,member,2000.0,17.2580008,1035480.0480000001,2282842.738295124
Europe,Cyprus,member,2000.0,0.741,44460.0,98017.521767451
Europe,Czechia,member,2000.0,248.7159804,14922958.824000001,32899492.608326476
Europe,Denmark,member,2000.0,231.1543072,13869258.432,30576480.88747106
Europe,Estonia,member,2000.0,7.9660004,477960.02400000003,1053721.481250369
Europe,Finland,member,2000.0,171.8920053,10313520.318,22737420.203972407
Europe,France,member,2000.0,1073.3612351,64401674.106,141981387.61909896
Europe,Germany,member,2000.0,4824.6588647,289479531.88199997,638193124.5496055
Europe,Greece,member,2000.0,110.9501983,6657011.898,14676199.024255404
Europe,Hungary,member,2000.0,157.2694952,9436169.712000001,20803193.210691
Europe,Ireland,member,2000.0,71.5299916,4291799.496,9461798.25732603
Europe,Italy,member,2000.0,1155.6383446,69338300.676,152864786.23094675
Europe,Latvia,member,2000.0,19.2568618,1155411.7079999999,2547246.7890071464
Europe,Lithuania,member,2000.0,39.4188221,2365129.326,5214217.615700443
Europe,Luxembourg,member,2000.0,87.6100429,5256602.574,11588824.948715338
Europe,Malta,member,2000.0,0.3913898,23483.388000000003,51772.00842248083
Europe,Netherlands,member,2000.0,1106.0290964,66361745.78400001,146302605.9808653
Europe,Poland,member,2000.0,530.7890714,31847344.284,70211375.6543517
Europe,Portugal,member,2000.0,123.0388035,7382328.21,16275247.773687417
Europe,Romania,member,2000.0,0.531,31860.0,70239.276732141
Europe,Slovakia,member,2000.0,22.6496119,1358976.714,2996030.8062517773
Europe,Slovenia,member,2000.0,14.1088945,846533.67,1866287.2790397028
Europe,Spain,member,2000.0,752.8379484,45170276.904,99583414.29778698
Europe,Sweden,member,2000.0,171.0784059,10264704.354,22629799.425430592
Asia & Oceania,Japan,member,2000.0,32.3489958,1940939.748,4279039.676088638
Europe,Norway,member,2000.0,5.037,302220.0,666281.048775507
Europe,Russian Federation,member,2000.0,27.3560983,1641365.8979999998,3618592.3894639392
Europe,Switzerland,member,2000.0,312.5529689,18753178.134,41343680.74579917
Africa,Tunisia,member,2000.0,0.7069982,42419.892,93519.85351963383
Europe,United Kingdom,member,2000.0,652.1182302,39127093.812,86260476.14518236
North America,United States of America,member,2000.0,2055.2756371,123316538.226,271866429.82126987
Europe,Austria,member,2001.0,439.7496145,26384976.87,58168916.884591006
Europe,Belgium,member,2001.0,2324.3939131,139463634.786,307464684.1746422
Europe,Bulgaria,member,2001.0,4.5053997,270323.982,595962.3659457723
Europe,Croatia,member,2001.0,15.3210006,919260.036,2026621.4707282453
Europe,Cyprus,member,2001.0,4.1554,249324.00000000003,549665.3305701294
Europe,Czechia,member,2001.0,266.2019675,15972118.05,35212492.77188871
Europe,Denmark,member,2001.0,234.5622067,14073732.401999999,31027268.827312537
Europe,Estonia,member,2001.0,53.9859983,3239159.898,7141125.186920139
Europe,Finland,member,2001.0,147.6300032,8857800.192,19528106.68311047
Europe,France,member,2001.0,1266.5910165,75995460.99,167541312.45647317
Europe,Germany,member,2001.0,5343.9378465,320636270.79,706881975.9692564
Europe,Greece,member,2001.0,319.7920971,19187525.825999998,42301253.4933307
Europe,Hungary,member,2001.0,186.2811936,11176871.616,24640784.006146766
Europe,Ireland,member,2001.0,33.9106961,2034641.766,4485617.264684434
Europe,Italy,member,2001.0,1290.4542485,77427254.91,170697877.72233248
Europe,Latvia,member,2001.0,6.4500988,387005.92799999996,853202.0236588522
Europe,Lithuania,member,2001.0,62.7687551,3766125.3060000003,8302885.046329354
Europe,Luxembourg,member,2001.0,76.431712,4585902.72,10110184.878115445
Europe,Malta,member,2001.0,0.3140627,18843.761999999995,41543.38398595739
Europe,Netherlands,member,2001.0,1116.6055845,66996335.07000001,147701635.87636453
Europe,Poland,member,2001.0,496.9689141,29818134.846,65737734.62286537
Europe,Portugal,member,2001.0,115.8846041,6953076.246,15328909.183379477
Europe,Romania,member,2001.0,0.6550997,39305.981999999996,86654.8570912289
Europe,Slovakia,member,2001.0,33.2898919,1997393.5140000002,4403498.925700865
Europe,Slovenia,member,2001.0,11.3339776,680038.656,1499228.6047500703
Europe,Spain,member,2001.0,1236.6036929,74196221.574,163574668.53783542
Europe,Sweden,member,2001.0,180.7324063,10843944.378,23906805.08582193
Asia & Oceania,Japan,member,2001.0,77.6029905,4656179.43,10265118.502770638
Europe,Norway,member,2001.0,6.3080001,378480.006,834405.5831455237
Europe,Russian Federation,member,2001.0,24.7714018,1486284.108,3276695.5669929488
Europe,Switzerland,member,2001.0,381.4474636,22886847.816,50456862.437991865
Africa,Tunisia,member,2001.0,1.219646,73178.76,161331.5497349319
Europe,United Kingdom,member,2001.0,771.0022315,46260133.89,101986137.66370384
North America,United States of America,member,2001.0,2056.4873432,123389240.59200001,272026711.1020155
Europe,Austria,member,2002.0,528.1805193,31690831.158000004,69866323.27615564
Europe,Belgium,member,2002.0,2307.871814,138472308.84,305279184.56846374
Europe,Bulgaria,member,2002.0,2.8633,171798.0,378749.7571885863
Europe,Croatia,member,2002.0,16.0520007,963120.042,2123316.2321503223
Europe,Cyprus,member,2002.0,4.2500998,255005.988,562191.9698520097
Europe,Czechia,member,2002.0,246.3516514,14781099.084,32586745.416392714
Europe,Denmark,member,2002.0,271.2081083,16272486.497999998,35874691.84723948
Europe,Estonia,member,2002.0,8.8936037,533616.222,1176422.3944073315
Europe,Finland,member,2002.0,118.7490056,7124940.336,15707804.64407714
Europe,France,member,2002.0,1264.1516098,75849096.588,167218634.18479046
Europe,Germany,member,2002.0,6287.5376269,377252257.61399996,831698861.2798083
Europe,Greece,member,2002.0,70.9484964,4256909.783999999,9384879.608980995
Europe,Hungary,member,2002.0,190.0199916,11401199.496000001,25135342.32510642
Europe,Ireland,member,2002.0,34.4858979,2069153.8739999998,4561703.438708964
Europe,Italy,member,2002.0,1341.1843523,80471061.138,177408321.7891092
Europe,Latvia,member,2002.0,18.8845464,1133072.7840000002,2497997.891808959
Europe,Lithuania,member,2002.0,54.5684266,3274105.596,7218167.263267277
Europe,Luxembourg,member,2002.0,80.4124879,4824749.274,10636751.394214764
Europe,Malta,member,2002.0,0.7300568,43803.407999999996,96569.98419092526
Europe,Netherlands,member,2002.0,1186.0837802,71165026.812,156892027.994297
Europe,Poland,member,2002.0,442.367356,26542041.36,58515184.81233434
Europe,Portugal,member,2002.0,113.7345045,6824070.27,15044499.690336037
Europe,Romania,member,2002.0,0.708886,42533.159999999996,93769.56671476553
Europe,Slovakia,member,2002.0,24.7130028,1482780.168,3268970.7016033437
Europe,Slovenia,member,2002.0,12.3437697,740626.1819999999,1632801.2351715951
Europe,Spain,member,2002.0,1166.0794971,69964769.826,154245914.2909279
Europe,Sweden,member,2002.0,238.956609,14337396.54,31608548.750517916
Asia & Oceania,Japan,member,2002.0,98.7619881,5925719.286,13063974.78864843
Europe,Norway,member,2002.0,5.7260001,343560.006,757420.1611905217
Europe,Russian Federation,member,2002.0,52.5844247,3155065.4820000003,6955728.735035275
Europe,Switzerland,member,2002.0,441.7189588,26503137.528,58429416.54423049
Africa,Tunisia,member,2002.0,1.3928953,83573.718,184248.50929491254
Europe,United Kingdom,member,2002.0,777.5781041,46654686.246,102855976.71324566
North America,United States of America,member,2002.0,2192.4031215,131544187.28999999,290005291.07240725
Europe,Austria,member,2003.0,620.4872241,37229233.446,82076410.24918623
Europe,Belgium,member,2003.0,2238.1954539,134291727.234,296062579.7873861
Europe,Bulgaria,member,2003.0,3.0463,182778.0,402956.5135764993
Europe,Croatia,member,2003.0,17.1460008,1028760.0479999998,2268027.6742762914
Europe,Cyprus,member,2003.0,5.7015999,342095.994,754192.5672166619
Europe,Czechia,member,2003.0,351.4029901,21084179.406,46482658.881611496
Europe,Denmark,member,2003.0,277.5429089,16652574.533999998,36712642.529699616
Europe,Estonia,member,2003.0,19.4440007,1166640.0420000001,2572001.0281492346
Europe,Finland,member,2003.0,121.9041057,7314246.342,16125152.947356813
Europe,France,member,2003.0,1327.9773032,79678638.192,175661328.23628458
Europe,Germany,member,2003.0,6518.4037796,391104226.776,862237225.8515222
Europe,Greece,member,2003.0,69.411398,4164683.88,9181556.29470203
Europe,Hungary,member,2003.0,217.6830698,13060984.188,28794541.20448995
Europe,Ireland,member,2003.0,74.7967962,4487807.772,9893922.536665447
Europe,Italy,member,2003.0,1410.0758541,84604551.246,186521107.58839923
Europe,Latvia,member,2003.0,27.3500013,1641000.078,3617785.8944164147
Europe,Lithuania,member,2003.0,47.589498,2855369.88,6295013.0311971195
Europe,Luxembourg,member,2003.0,98.8947901,5933687.4059999995,13081541.486254044
Europe,Malta,member,2003.0,0.0997595,5985.57,13195.923026666704
Europe,Netherlands,member,2003.0,1433.0369674,85982218.04400001,189558342.97664168
Europe,Poland,member,2003.0,422.2287186,25333723.115999997,55851299.07721786
Europe,Portugal,member,2003.0,109.596105,6575766.3,14497083.140978873
Europe,Romania,member,2003.0,0.346456,20787.359999999997,45828.28410453981
Europe,Slovakia,member,2003.0,17.4098317,1044589.9020000001,2302926.528505275
Europe,Slovenia,member,2003.0,10.4618002,627708.0120000001,1383859.2831716915
Europe,Spain,member,2003.0,1365.2183796,81913102.776,180587479.40589362
Europe,Sweden,member,2003.0,256.6337073,15398022.438000003,33946828.59856869
Asia & Oceania,Japan,member,2003.0,136.8009824,8208058.944,18095672.429420624
Europe,Norway,member,2003.0,7.6776223,460657.338,1015575.5882760016
Europe,Russian Federation,member,2003.0,93.3105608,5598633.648,12342874.39183139
Europe,Switzerland,member,2003.0,423.4399618,25406397.708,56011519.126774795
Africa,Tunisia,member,2003.0,3.4864905,209189.43,461183.749629907
Europe,United Kingdom,member,2003.0,759.2224091,45553344.546000004,100427933.88703893
North America,United States of America,member,2003.0,2797.5185615,167851113.69,370048362.3436902
Europe,Austria,member,2004.0,543.3324164,32599944.984000005,71870576.18279184
Europe,Belgium,member,2004.0,2572.0691272,154324147.632,340226506.9672263
Europe,Bulgaria,member,2004.0,2.6580957,159485.742,351605.8746757327
Europe,Croatia,member,2004.0,18.3822922,1102937.532,2431561.033534608
Europe,Cyprus,member,2004.0,6.5413997,392483.982,865279.0654309683
Europe,Czechia,member,2004.0,324.191553,19451493.18,42883201.893388994
Europe,Denmark,member,2004.0,270.6041067,16236246.402,35794796.11177987
Europe,Estonia,member,2004.0,47.2084019,2832504.114,6244602.6462075915
Europe,Finland,member,2004.0,128.6228059,7717368.354,17013884.8543777
Europe,France,member,2004.0,1039.8956238,62393737.428,137554644.99553785
Europe,Germany,member,2004.0,7011.3634482,420681806.89199996,927444628.0748364
Europe,Greece,member,2004.0,70.7499983,4244999.898,9358622.804881742
Europe,Hungary,member,2004.0,269.5269397,16171616.382,35652311.30763725
Europe,Ireland,member,2004.0,35.9018974,2154113.844,4749008.110522662
Europe,Italy,member,2004.0,1559.0218525,93541311.15,206223290.63879967
Europe,Latvia,member,2004.0,32.7757927,1966547.562,4335495.242129166
Europe,Lithuania,member,2004.0,59.0967952,3545807.712,7817167.89460539
Europe,Luxembourg,member,2004.0,95.103894,5706233.64,12580091.76830547
Europe,Malta,member,2004.0,0.0796067,4776.402,10530.163900249583
Europe,Netherlands,member,2004.0,1180.8863177,70853179.062,156204521.39007398
Europe,Poland,member,2004.0,405.7086755,24342520.53,53666071.433286056
Europe,Portugal,member,2004.0,83.4084372,5004506.232,11033047.650256503
Europe,Romania,member,2004.0,10.0774344,604646.064,1333016.390906963
Europe,Slovakia,member,2004.0,14.8291286,889747.716,1961557.9424329693
Europe,Slovenia,member,2004.0,11.2202422,673214.5319999999,1484183.9866053604
Europe,Spain,member,2004.0,1437.0618718,86223712.308,190090746.69410306
Europe,Sweden,member,2004.0,261.7204074,15703224.444,34619683.84523029
Asia & Oceania,Japan,member,2004.0,86.9349893,5216099.358,11499530.642464062
Europe,Norway,member,2004.0,7.1681782,430090.69200000004,948187.669030321
Europe,Russian Federation,member,2004.0,128.813214,7728792.84,17039071.53465631
Europe,Switzerland,member,2004.0,512.2790575,30736743.45,67762919.93186982
Africa,Tunisia,member,2004.0,0.9340645,56043.869999999995,123555.58361802055
Europe,United Kingdom,member,2004.0,838.1844855,50291069.13,110872828.6810202
North America,United States of America,member,2004.0,2626.1906091,157571436.546,347385553.56671345
Europe,Austria,member,2005.0,805.5127949,48330767.694,106551103.78956956
Europe,Belgium,member,2005.0,2905.1873203,174311239.218,384290501.2227097
Europe,Bulgaria,member,2005.0,10.5001838,630011.028,1388936.564343774
Europe,Croatia,member,2005.0,17.8464805,1070788.8299999998,2360685.2778422935
Europe,Cyprus,member,2005.0,9.4505991,567035.946,1250100.273953715
Europe,Czechia,member,2005.0,406.9477268,24416863.608,53829969.86482281
Europe,Denmark,member,2005.0,198.8101461,11928608.765999999,26298080.73272181
Europe,Estonia,member,2005.0,76.4759554,4588557.324,10116037.2781459
Europe,Finland,member,2005.0,54.2005817,3252034.9020000002,7169509.711994949
Europe,France,member,2005.0,1027.6001783,61656010.69799999,135928235.9578364
Europe,Germany,member,2005.0,8356.2576545,501375459.27,1105343679.5470753
Europe,Greece,member,2005.0,60.4734238,3628405.428,7999264.687812131
Europe,Hungary,member,2005.0,281.8207685,16909246.11,37278506.492535114
Europe,Ireland,member,2005.0,30.3879836,1823279.016,4019642.1646180083
Europe,Italy,member,2005.0,1707.7859425,102467156.55,225901411.3267754
Europe,Latvia,member,2005.0,46.862932,2811775.92,6198904.800805096
Europe,Lithuania,member,2005.0,90.3453008,5420718.0479999995,11950637.635291373
Europe,Luxembourg,member,2005.0,103.9231842,6235391.051999999,13746684.169320269
Europe,Malta,member,2005.0,0.023636,1418.1599999999999,3126.507617402796
Europe,Netherlands,member,2005.0,1061.0840978,63665045.86800001,140357400.3417107
Europe,Poland,member,2005.0,524.074821,31444489.26,69323232.35511537
Europe,Portugal,member,2005.0,106.9793581,6418761.486,14150946.776295122
Europe,Romania,member,2005.0,17.3006772,1038040.6319999999,2288487.8597066705
Europe,Slovakia,member,2005.0,14.3876785,863260.71,1903164.0898202925
Europe,Slovenia,member,2005.0,9.4098192,564589.152,1244706.016550308
Europe,Spain,member,2005.0,1453.0294718,87181768.308,192202898.6247022
Europe,Sweden,member,2005.0,523.1711219,31390267.314000003,69203693.42636305
Asia & Oceania,Japan,member,2005.0,62.8830447,3772982.682,8318002.972585485
Europe,Norway,member,2005.0,9.6432302,578593.812,1275581.0067976261
Europe,Russian Federation,member,2005.0,151.0455203,9062731.218,19979902.258949004
Europe,Switzerland,member,2005.0,567.3998788,34043992.728,75054156.50624569
Africa,Tunisia,member,2005.0,0.1776707,10660.241999999998,23501.810667595484
Europe,United Kingdom,member,2005.0,885.219714,53113182.839999996,117094524.40751922
North America,United States of America,member,2005.0,2451.9718214,147118309.28399998,324340352.73583126
Europe,Austria,member,2006.0,991.1813786,59470882.716000006,131110853.37708178
Europe,Belgium,member,2006.0,3067.2708923,184036253.538,405730487.79039687
Europe,Bulgaria,member,2006.0,14.1691673,850150.038,1874260.005741437
Europe,Croatia,member,2006.0,17.9887115,1079322.6900000002,2379499.218649995
Europe,Cyprus,member,2006.0,17.5385697,1052314.182,2319955.650930778
Europe,Czechia,member,2006.0,309.4647885,18567887.310000002,40935184.40358755
Europe,Denmark,member,2006.0,181.6691693,10900150.157999998,24030717.61988865
Europe,Estonia,member,2006.0,87.4814269,5248885.614,11571811.964127427
Europe,Finland,member,2006.0,121.1351139,7268106.834,16023432.744258983
Europe,France,member,2006.0,956.5284948,57391709.688,126527061.4848126
Europe,Germany,member,2006.0,9176.7243068,550603458.408,1213872840.0751224
Europe,Greece,member,2006.0,40.5382653,2432295.918,5362294.603856212
Europe,Hungary,member,2006.0,302.530186,18151811.16,40017893.51088529
Europe,Ireland,member,2006.0,52.0477444,3122864.664,6884738.0832303995
Europe,Italy,member,2006.0,1938.4653589,116307921.534,256415074.91421115
Europe,Latvia,member,2006.0,39.7273221,2383639.3260000004,5255025.180430887
Europe,Lithuania,member,2006.0,103.2248381,6193490.285999999,13654308.792723825
Europe,Luxembourg,member,2006.0,102.3902362,6143414.172,13543909.858985087
Europe,Malta,member,2006.0,0.0619897,3719.382,8199.833696501697
Europe,Netherlands,member,2006.0,1164.0171895,69841031.37,153973117.69163752
Europe,Poland,member,2006.0,660.5839238,39635035.428,87380295.722395
Europe,Portugal,member,2006.0,113.6669936,6820019.616,15035569.526894351
Europe,Romania,member,2006.0,19.133793,1148027.58,2530967.5733757108
Europe,Slovakia,member,2006.0,66.2702538,3976215.228,8766054.040993256
Europe,Slovenia,member,2006.0,10.9711232,658267.392,1451231.1836294017
Europe,Spain,member,2006.0,1460.8593394,87651560.364,193238612.8189252
Europe,Sweden,member,2006.0,505.4466119,30326796.714,66859142.08393065
Asia & Oceania,Japan,member,2006.0,46.6990836,2801945.016,6177231.36745346
Europe,Norway,member,2006.0,9.8426284,590557.7040000001,1301956.8737461965
Europe,Russian Federation,member,2006.0,244.3288289,14659729.734,32319171.801783483
Europe,Switzerland,member,2006.0,621.3979093,37283874.558000006,82196873.28078449
Africa,Tunisia,member,2006.0,9.0594465,543566.79,1198359.6417203886
Europe,United Kingdom,member,2006.0,948.8832496,56932994.975999996,125515768.65376198
North America,United States of America,member,2006.0,2721.2746957,163276481.742,359963025.26449174
Europe,Austria,member,2007.0,1119.7970424,67187822.544,148123793.49334583
Europe,Belgium,member,2007.0,2910.5350661,174632103.96600002,384997886.90470475
Europe,Bulgaria,member,2007.0,29.1713402,1750280.412,3858707.7908761385
Europe,Croatia,member,2007.0,27.430213,1645812.78,3628396.086117837
Europe,Cyprus,member,2007.0,1.6837432,101024.592,222721.10088636653
Europe,Czechia,member,2007.0,358.1178833,21487072.998000003,47370887.208733104
Europe,Denmark,member,2007.0,200.9139885,12054839.309999999,26576371.44559264
Europe,Estonia,member,2007.0,175.9745772,10558474.632,23277452.02593655
Europe,Finland,member,2007.0,150.1266568,9007599.408,19858357.42343947
Europe,France,member,2007.0,900.7661937,54045971.622,119150971.65772434
Europe,Germany,member,2007.0,10696.9720192,641818321.1520001,1414967189.9294877
Europe,Greece,member,2007.0,66.2898486,3977390.9159999997,8768645.989354292
Europe,Hungary,member,2007.0,371.3856369,22283138.213999998,49125910.592394605
Europe,Ireland,member,2007.0,16.6330931,997985.5859999999,2200181.5991758285
Europe,Italy,member,2007.0,2187.5144076,131250864.456,289358624.9170657
Europe,Latvia,member,2007.0,19.7848329,1187089.9740000002,2617085.4108517286
Europe,Lithuania,member,2007.0,105.4671956,6328031.736,13950921.916970326
Europe,Luxembourg,member,2007.0,108.9509993,6537059.958000001,14411750.263796613
Europe,Malta,member,2007.0,0.0103203,619.218,1365.1420106567132
Europe,Netherlands,member,2007.0,1238.9283494,74335700.964,163882167.95631126
Europe,Poland,member,2007.0,709.3049264,42558295.584,93824981.19186535
Europe,Portugal,member,2007.0,152.4383234,9146299.404,20164138.57227157
Europe,Romania,member,2007.0,16.1819989,970919.934,2140512.050501509
Europe,Slovakia,member,2007.0,151.9305507,9115833.042,20096971.7414009
Europe,Slovenia,member,2007.0,9.5957631,575745.786,1269302.184250409
Europe,Spain,member,2007.0,1520.2314706,91213888.23599999,201092201.43198317
Europe,Sweden,member,2007.0,525.3628192,31521769.152000003,69493605.3532327
Asia & Oceania,Japan,member,2007.0,87.4747052,5248482.312,11570922.83541479
Europe,Norway,member,2007.0,8.4717057,508302.34199999995,1120614.8419125353
Europe,Russian Federation,member,2007.0,340.4610644,20427663.864,45035289.86612218
Europe,Switzerland,member,2007.0,842.4508782,50547052.692,111437175.83262715
Africa,Tunisia,member,2007.0,0.0223522,1341.132,2956.6899460869345
Europe,United Kingdom,member,2007.0,988.8831955,59332991.730000004,130806855.78999698
North America,United States of America,member,2007.0,2707.2895369,162437372.214,358113105.416853
Europe,Austria,member,2008.0,991.6798775,59500792.65,131176793.4941962
Europe,Belgium,member,2008.0,6142.1561047,368529366.28199995,812468177.7213417
Europe,Bulgaria,member,2008.0,72.4877959,4349267.754,9588494.07895114
Europe,Croatia,member,2008.0,28.1839911,1691039.466,3728103.861184744
Europe,Cyprus,member,2008.0,0.231323,13879.380000000001,30598.795125252454
Europe,Czechia,member,2008.0,415.9140059,24954840.354,55016005.56908366
Europe,Denmark,member,2008.0,212.0211074,12721266.444,28045591.781023707
Europe,Estonia,member,2008.0,180.523371,10831402.26,23879154.448753215
Europe,Finland,member,2008.0,169.8727325,10192363.950000001,22470316.134298425
Europe,France,member,2008.0,964.2724465,57856346.79,127551410.95083264
Europe,Germany,member,2008.0,10471.3120478,628278722.868,1385117485.2618198
Europe,Greece,member,2008.0,77.9637479,4677824.874,10312838.538273025
Europe,Hungary,member,2008.0,316.7892034,19007352.204,41904038.65040886
Europe,Ireland,member,2008.0,15.6854852,941129.1120000001,2074834.5303968026
Europe,Italy,member,2008.0,2276.9519287,136617115.722,301189183.8526205
Europe,Latvia,member,2008.0,39.110186,2346611.16,5173392.04802167
Europe,Lithuania,member,2008.0,186.715319,11202919.139999999,24698208.966800343
Europe,Luxembourg,member,2008.0,112.5850423,6755102.538,14892451.86819115
Europe,Malta,member,2008.0,0.2717867,16307.202,35951.226428277565
Europe,Netherlands,member,2008.0,980.8798078,58852788.467999995,129748188.8155056
Europe,Poland,member,2008.0,779.2575446,46755452.67599999,103078128.6643467
Europe,Portugal,member,2008.0,148.5629901,8913779.406,19651519.724648256
Europe,Romania,member,2008.0,19.3363489,1160180.9340000001,2557761.1325354623
Europe,Slovakia,member,2008.0,269.5413735,16172482.410000002,35654220.57255721
Europe,Slovenia,member,2008.0,10.8871134,653226.804,1440118.589297176
Europe,Spain,member,2008.0,1441.3061793,86478370.758,190652172.47381833
Europe,Sweden,member,2008.0,531.6716754,31900300.524000004,70328124.17902382
Asia & Oceania,Japan,member,2008.0,178.6806266,10720837.596,23635401.089321572
Europe,Norway,member,2008.0,7.3310809,439864.854,969736.0076851475
Europe,Russian Federation,member,2008.0,420.6096164,25236576.984,55637128.516985446
Europe,Switzerland,member,2008.0,882.569776,52954186.56,116743997.61184123
Africa,Tunisia,member,2008.0,0.1267905,7607.429999999999,16771.512272140346
Europe,United Kingdom,member,2008.0,900.042811,54002568.66,119055284.50584383
North America,United States of America,member,2008.0,2860.7493345,171644960.07,378412361.896862
Europe,Austria,member,2009.0,414.5181844,24871091.064,54831369.98978578
Europe,Belgium,member,2009.0,4981.2077072,298872462.432,658900991.7256014
Europe,Bulgaria,member,2009.0,113.7198848,6823193.0879999995,15042565.835055357
Europe,Croatia,member,2009.0,28.4109874,1704659.244,3758130.3318681186
Europe,Cyprus,member,2009.0,,,
Europe,Czechia,member,2009.0,404.8578427,24291470.562,53553525.518988535
Europe,Denmark,member,2009.0,183.5935986,11015615.916,24285276.042024508
Europe,Estonia,member,2009.0,233.7785853,14026715.118,30923613.459388193
Europe,Finland,member,2009.0,184.8575899,11091455.394,24452473.470852602
Europe,France,member,2009.0,1014.2617666,60855705.996,134163866.10743429
Europe,Germany,member,2009.0,10819.2834097,649157004.5819999,1431146217.433861
Europe,Greece,member,2009.0,72.1422144,4328532.864,9542781.471395569
Europe,Hungary,member,2009.0,258.6522383,15519134.298000002,34213834.544899024
Europe,Ireland,member,2009.0,7.7465924,464795.544,1024698.7708374771
Europe,Italy,member,2009.0,2272.1439734,136328638.404,300553200.2314671
Europe,Latvia,member,2009.0,43.8650871,2631905.226,5802357.7998048365
Europe,Lithuania,member,2009.0,201.1574202,12069445.212,26608571.94755437
Europe,Luxembourg,member,2009.0,108.0439608,6482637.648,14291769.608037278
Europe,Malta,member,2009.0,0.0942022,5652.1320000000005,12460.818068882285
Europe,Netherlands,member,2009.0,1604.3212393,96259274.35799998,212215373.8125124
Europe,Poland,member,2009.0,1160.5290476,69631742.85599999,153511715.49917972
Europe,Portugal,member,2009.0,165.6401908,9938411.448,21910446.703513816
Europe,Romania,member,2009.0,36.51748,2191048.8,4830435.750057296
Europe,Slovakia,member,2009.0,245.651518,14739091.08,32494133.62047555
Europe,Slovenia,member,2009.0,11.9657495,717944.97,1582797.7221054195
Europe,Spain,member,2009.0,1444.6849331,86681095.986,191099105.09748682
Europe,Sweden,member,2009.0,525.7616438,31545698.628,69546360.81735131
Asia & Oceania,Japan,member,2009.0,125.9649638,7557897.828000001,16662312.525239782
Europe,Norway,member,2009.0,9.1673965,550043.79,1212638.982442111
Europe,Russian Federation,member,2009.0,440.2893339,26417360.033999998,58240309.54051248
Europe,Switzerland,member,2009.0,1065.7891327,63947347.962,140979769.9243387
Africa,Tunisia,member,2009.0,0.0717078,4302.468000000001,9485.318282585728
Europe,United Kingdom,member,2009.0,892.2624284,53535745.703999996,118026116.05664735
North America,United States of America,member,2009.0,2801.7058364,168102350.184,370602244.0017969
Europe,Austria,member,2010.0,463.3459702,27800758.211999997,61290180.458757356
Europe,Belgium,member,2010.0,5053.0648138,303183888.82799995,668406059.8906642
Europe,Bulgaria,member,2010.0,133.0140903,7980845.417999999,17594752.350010715
Europe,Croatia,member,2010.0,23.9868757,1439212.5420000001,3172920.5277434434
Europe,Cyprus,member,2010.0,2.1377998,128267.98799999998,282782.5080039843
Europe,Czechia,member,2010.0,480.9902502,28859415.012000002,63624119.188812695
Europe,Denmark,member,2010.0,208.1521442,12489128.652,27533815.5533942
Europe,Estonia,member,2010.0,158.0874835,9485249.01,20911394.541326318
Europe,Finland,member,2010.0,193.3192281,11599153.686,25571756.610470414
Europe,France,member,2010.0,1060.0100461,63600602.765999995,140215327.62121928
Europe,Germany,member,2010.0,11542.2129322,692532775.9319999,1526773424.1922643
Europe,Greece,member,2010.0,67.6356867,4058141.2019999996,8946669.896590749
Europe,Hungary,member,2010.0,351.175224,21070513.439999998,46452530.58381846
Europe,Ireland,member,2010.0,8.1403661,488421.96599999996,1076786.1152520515
Europe,Italy,member,2010.0,2445.6432097,146738592.582,323503220.7047078
Europe,Latvia,member,2010.0,39.069507,2344170.4200000004,5168011.137403617
Europe,Lithuania,member,2010.0,153.427571,9205654.26,20294993.63052582
Europe,Luxembourg,member,2010.0,116.5904714,6995428.284,15422279.444435727
Europe,Malta,member,2010.0,0.148886,8933.16,19694.246620605547
Europe,Netherlands,member,2010.0,1235.5784778,74134708.668,163439055.79373208
Europe,Poland,member,2010.0,1123.2020796,67392124.776,148574202.81570745
Europe,Portugal,member,2010.0,196.926812,11815608.72,26048958.275040124
Europe,Romania,member,2010.0,42.9804964,2578829.784,5685346.47970695
Europe,Slovakia,member,2010.0,317.7813378,19066880.268000003,42035275.5669382
Europe,Slovenia,member,2010.0,12.5203975,751223.85,1656165.093783251
Europe,Spain,member,2010.0,1802.5415669,108152494.014,238435434.91276112
Europe,Sweden,member,2010.0,505.2307526,30313845.156,66830588.78617564
Asia & Oceania,Japan,member,2010.0,142.9489902,8576939.412,18908914.65393204
Europe,Norway,member,2010.0,13.6535625,819213.75,1806057.1653805703
Europe,Russian Federation,member,2010.0,454.9771303,27298627.818,60183172.43302651
Europe,Switzerland,member,2010.0,1313.0310301,78781861.806,173684274.72896808
Africa,Tunisia,member,2010.0,2.6160817,156964.902,346048.37378566834
Europe,United Kingdom,member,2010.0,1193.1138368,71586830.20799999,157821945.3030917
North America,United States of America,member,2010.0,3190.871125,191452267.5,422079999.93497753
Europe,Austria,member,2011.0,365.1472623,21908835.738,48300714.886390544
Europe,Belgium,member,2011.0,4893.9736325,293638417.95000005,647361898.8568152
Europe,Bulgaria,member,2011.0,121.9904582,7319427.492000001,16136575.42785401
Europe,Croatia,member,2011.0,23.7208153,1423248.918,3137726.761146336
Europe,Cyprus,member,2011.0,0.0712285,4273.71,9421.917745226563
Europe,Czechia,member,2011.0,379.9081247,22794487.482,50253242.75629385
Europe,Denmark,member,2011.0,146.6111124,8796666.743999999,19393330.50069798
Europe,Estonia,member,2011.0,100.2413229,6014479.374,13259657.286570627
Europe,Finland,member,2011.0,193.5379902,11612279.412,25600693.882938217
Europe,France,member,2011.0,1042.9673175,62578039.05,137960960.52064267
Europe,Germany,member,2011.0,11683.3050192,700998301.152,1545436712.598118
Europe,Greece,member,2011.0,131.9770479,7918622.874,17457575.121919263
Europe,Hungary,member,2011.0,459.5583928,27573503.568,60789169.72967449
Europe,Ireland,member,2011.0,29.7741585,1786449.5099999998,3938447.0025388473
Europe,Italy,member,2011.0,2663.0108022,159780648.132,352256031.4056621
Europe,Latvia,member,2011.0,40.2504203,2415025.2180000003,5324219.227941029
Europe,Lithuania,member,2011.0,109.0924741,6545548.446,14430464.176466715
Europe,Luxembourg,member,2011.0,110.9619468,6657716.808,14677753.084787773
Europe,Malta,member,2011.0,1.399497,83969.82,185121.7647246726
Europe,Netherlands,member,2011.0,1769.0840681,106145044.086,234009765.38926116
Europe,Poland,member,2011.0,1369.5313834,82171883.00400001,181157992.15062997
Europe,Portugal,member,2011.0,210.1521703,12609130.218,27798373.72045522
Europe,Romania,member,2011.0,42.2846868,2537081.208,5593306.624627326
Europe,Slovakia,member,2011.0,389.4734087,23368404.522,51518513.245743036
Europe,Slovenia,member,2011.0,15.269472,916168.32,2019805.4036943098
Europe,Spain,member,2011.0,1672.1765815,100330594.89,221191099.15816203
Europe,Sweden,member,2011.0,521.7130446,31302782.676,69010822.81436388
Asia & Oceania,Japan,member,2011.0,80.2020821,4812124.926,10608919.471027857
Europe,Norway,member,2011.0,9.790366,587421.96,1295043.7415874659
Europe,Russian Federation,member,2011.0,463.4925384,27809552.304,61309568.11291919
Europe,Switzerland,member,2011.0,1414.1731712,84850390.272,187063089.86645237
Africa,Tunisia,member,2011.0,13.407787,804467.22,1773546.6317487806
Europe,United Kingdom,member,2011.0,1264.3804187,75862825.12200001,167248900.4214117
North America,United States of America,member,2011.0,3728.1673735,223690042.41,493152127.7796719
Europe,Austria,member,2012.0,303.589908,18215394.48,40158070.73652962
Europe,Belgium,member,2012.0,4753.5952852,285215717.112,628793022.0522853
Europe,Bulgaria,member,2012.0,183.8838149,11033028.894,24323665.087237086
Europe,Croatia,member,2012.0,24.1262407,1447574.442,3191355.361645091
Europe,Cyprus,member,2012.0,0.973149,58388.94,128725.57798984235
Europe,Czechia,member,2012.0,441.3966155,26483796.93,58386777.82435958
Europe,Denmark,member,2012.0,113.2746678,6796480.068000001,14983673.706865428
Europe,Estonia,member,2012.0,53.2542765,3195256.59,7044334.96092929
Europe,Finland,member,2012.0,155.8070559,9348423.354,20609745.60485925
Europe,France,member,2012.0,1018.7575848,61125455.08800001,134758561.057881
Europe,Germany,member,2012.0,12589.8190449,755389142.694,1665347992.28307
Europe,Greece,member,2012.0,167.5647207,10053883.242,22165018.43275182
Europe,Hungary,member,2012.0,495.6853336,29741120.016,65567945.98642943
Europe,Ireland,member,2012.0,36.6784888,2200709.3279999997,4851733.568625111
Europe,Italy,member,2012.0,2964.1065498,177846392.98799998,392084181.19576997
Europe,Latvia,member,2012.0,55.7990484,3347942.904,7380950.662820583
Europe,Lithuania,member,2012.0,143.4573976,8607443.856,18976165.441241395
Europe,Luxembourg,member,2012.0,110.5209294,6631255.7639999995,14619416.468587603
Europe,Malta,member,2012.0,0.3010985,18065.91,39828.51387030613
Europe,Netherlands,member,2012.0,1347.300029,80838001.74000001,178217287.34115368
Europe,Poland,member,2012.0,1606.6190335,96397142.00999999,212519319.95693296
Europe,Portugal,member,2012.0,227.7626014,13665756.083999999,30127835.007470667
Europe,Romania,member,2012.0,53.648914,3218934.84,7096536.56652511
Europe,Slovakia,member,2012.0,570.5537085,34233222.51,75471336.76437064
Europe,Slovenia,member,2012.0,35.9042747,2154256.4820000003,4749322.573484198
Europe,Spain,member,2012.0,1658.7947916,99527687.496,219420991.354099
Europe,Sweden,member,2012.0,520.4047185,31224283.11,68837760.89535487
Asia & Oceania,Japan,member,2012.0,71.046626,4262797.5600000005,9397859.933142984
Europe,Norway,member,2012.0,12.076486,724589.1599999999,1597445.653683289
Europe,Russian Federation,member,2012.0,478.5803226,28714819.356000002,63305340.33457386
Europe,Switzerland,member,2012.0,1424.9580322,85497481.932,188489682.77849883
Africa,Tunisia,member,2012.0,17.7874243,1067245.458,2352873.479773464
Europe,United Kingdom,member,2012.0,1199.5970236,71975821.416,158679524.11994928
North America,United States of America,member,2012.0,3383.7408595,203024451.57000002,447592298.7199118
Europe,Austria,member,2013.0,310.8708473,18652250.838,41121174.14587542
Europe,Belgium,member,2013.0,4256.9788789,255418732.73400006,563101916.2296356
Europe,Bulgaria,member,2013.0,190.8798212,11452789.272,25249078.312332194
Europe,Croatia,member,2013.0,26.2867961,1577207.766,3477147.9202811015
Europe,Cyprus,member,2013.0,1.6845543,101073.258,222828.3910508815
Europe,Czechia,member,2013.0,546.4569257,32787415.542000003,72283878.01588948
Europe,Denmark,member,2013.0,98.9991173,5939947.038,13095341.612565702
Europe,Estonia,member,2013.0,36.1579013,2169474.0779999997,4782871.629875971
Europe,Finland,member,2013.0,180.830527,10849831.620000001,23919784.232715435
Europe,France,member,2013.0,1014.3599439,60861596.633999996,134176852.74122621
Europe,Germany,member,2013.0,12019.6576084,721179456.5040001,1589928544.2222066
Europe,Greece,member,2013.0,168.5506316,10113037.896,22295432.121147927
Europe,Hungary,member,2013.0,380.6539379,22839236.274,50351896.955437504
Europe,Ireland,member,2013.0,37.6456862,2258741.172,4979671.884695182
Europe,Italy,member,2013.0,3182.6582,190959491.99999997,420993615.920184
Europe,Latvia,member,2013.0,66.3159892,3978959.352000001,8772103.798840819
Europe,Lithuania,member,2013.0,165.2278419,9913670.514,21855902.28073172
Europe,Luxembourg,member,2013.0,136.7835211,8207011.266000001,18093362.69480141
Europe,Malta,member,2013.0,0.3113001,18678.006,41177.95455865003
Europe,Netherlands,member,2013.0,1781.3549181,106881295.08600001,235632920.99922088
Europe,Poland,member,2013.0,1615.3839135,96923034.81,213678715.120481
Europe,Portugal,member,2013.0,212.3345735,12740074.41,28087056.248338293
Europe,Romania,member,2013.0,80.2516295,4815097.7700000005,10615473.47016149
Europe,Slovakia,member,2013.0,470.339261,28220355.66,62215234.484688684
Europe,Slovenia,member,2013.0,73.5915989,4415495.933999999,9734502.222783094
Europe,Spain,member,2013.0,1635.95323,98157193.8,216399569.94879457
Europe,Sweden,member,2013.0,534.2394246,32054365.476000004,70667779.25743726
Asia & Oceania,Japan,member,2013.0,91.5891806,5495350.836,12115174.76804791
Europe,Norway,member,2013.0,18.4237839,1105427.034,2437049.445960949
Europe,Russian Federation,member,2013.0,762.4492167,45746953.002,100854767.46891797
Europe,Switzerland,member,2013.0,1546.5963792,92795782.752,204579681.86733726
Africa,Tunisia,member,2013.0,9.5690913,574145.478,1265774.1090316814
Europe,United Kingdom,member,2013.0,1380.325083,82819504.97999999,182585754.2093267
North America,United States of America,member,2013.0,3247.9049617,194874297.702,429624285.13096064
Europe,Austria,member,2014.0,386.3713576,23182281.456,51108182.123991355
Europe,Belgium,member,2014.0,3952.8124658,237168747.948,522867586.9220016
Europe,Bulgaria,member,2014.0,244.4727217,14668363.302,32338205.56110356
Europe,Croatia,member,2014.0,51.2135581,3072813.486,6774394.123961358
Europe,Cyprus,member,2014.0,8.4081834,504491.004,1112212.2799382189
Europe,Czechia,member,2014.0,824.5069852,49470419.112,109063605.0867158
Europe,Denmark,member,2014.0,105.3955838,6323735.028,13941449.297314042
Europe,Estonia,member,2014.0,13.5215631,811293.786,1788596.6335819329
Europe,Finland,member,2014.0,183.3193541,10999161.246,24248999.704307433
Europe,France,member,2014.0,1097.0192742,65821156.45199999,145110810.51040727
Europe,Germany,member,2014.0,12910.9763369,774658580.214,1707829830.1499872
Europe,Greece,member,2014.0,145.6669274,8740015.644,19268436.204085294
Europe,Hungary,member,2014.0,433.7831845,26026991.07,57379693.291609935
Europe,Ireland,member,2014.0,35.8078355,2148470.13,4736565.8509670105
Europe,Italy,member,2014.0,3469.4516042,208167096.252,458929889.5219856
Europe,Latvia,member,2014.0,103.2134286,6192805.716,13652799.574215587
Europe,Lithuania,member,2014.0,173.4177447,10405064.681999998,22939240.979749672
Europe,Luxembourg,member,2014.0,157.6771708,9460630.248,20857119.461699177
Europe,Malta,member,2014.0,0.02215,1329.0,2929.94346443865
Europe,Netherlands,member,2014.0,2215.9346737,132956080.422,293117982.6108491
Europe,Poland,member,2014.0,2079.1090428,124746542.568,275019049.7429868
Europe,Portugal,member,2014.0,226.8402279,13610413.674,30005825.87843697
Europe,Romania,member,2014.0,45.6821853,2740931.118,6042718.747675411
Europe,Slovakia,member,2014.0,420.7915406,25247492.436,55661192.96939237
Europe,Slovenia,member,2014.0,81.4970653,4889823.9180000005,10780216.426486
Europe,Spain,member,2014.0,1906.1295814,114367774.884,252137783.71991467
Europe,Sweden,member,2014.0,546.9459939,32816759.634,72348570.66493033
Asia & Oceania,Japan,member,2014.0,110.8675715,6652054.289999999,14665269.36950834
Europe,Norway,member,2014.0,14.2205074,853230.444,1881051.1384935197
Europe,Russian Federation,member,2014.0,725.9496009,43556976.054,96026694.74802715
Europe,Switzerland,member,2014.0,1615.5280938,96931685.628,213697786.90954134
Africa,Tunisia,member,2014.0,0.1757472,10544.832,23247.37517080778
Europe,United Kingdom,member,2014.0,1389.9362838,83396177.028,183857098.4517361
North America,United States of America,member,2014.0,3360.741097,201644465.82,444549950.9176311
Europe,Austria,member,2015.0,377.5517359,22653104.154,49941545.87303261
Europe,Belgium,member,2015.0,4459.9035349,267594212.09399995,589944253.4585592
Europe,Bulgaria,member,2015.0,275.4994882,16529969.291999998,36442344.23962902
Europe,Croatia,member,2015.0,62.5539035,3753234.21,8274465.044467313
Europe,Cyprus,member,2015.0,2.5774167,154645.002,340933.8697652385
Europe,Czechia,member,2015.0,1359.471411,81568284.66000001,179827285.58693635
Europe,Denmark,member,2015.0,109.3770105,6562620.63,14468101.899517499
Europe,Estonia,member,2015.0,7.1445661,428673.966,945064.3228417578
Europe,Finland,member,2015.0,210.7429477,12644576.862,27876520.193686284
Europe,France,member,2015.0,1209.4397928,72566387.568,159981499.6183474
Europe,Germany,member,2015.0,12495.9721438,749758328.628,1652934172.2137353
Europe,Greece,member,2015.0,161.0725943,9664355.658,21306257.109230842
Europe,Hungary,member,2015.0,310.6652084,18639912.504,41093972.77562308
Europe,Ireland,member,2015.0,64.9689282,3898135.692,8593918.129624104
Europe,Italy,member,2015.0,3668.9998906,220139993.436,485325609.5029161
Europe,Latvia,member,2015.0,95.3752567,5722515.402,12615986.909134246
Europe,Lithuania,member,2015.0,215.6403163,12938418.978,28524331.169872157
Europe,Luxembourg,member,2015.0,153.7745181,9226471.086,20340886.876040537
Europe,Malta,member,2015.0,0.9275,55650.0,122687.2489059525
Europe,Netherlands,member,2015.0,2480.474608,148828476.48,328110626.02327865
Europe,Poland,member,2015.0,2245.8196474,134749178.844,297071087.9551939
Europe,Portugal,member,2015.0,232.1503205,13929019.23,30708230.894641668
Europe,Romania,member,2015.0,29.9379998,1796279.9880000001,3960119.4967212467
Europe,Slovakia,member,2015.0,643.1145409,38586872.453999996,85069491.91852902
Europe,Slovenia,member,2015.0,84.1916495,5051498.97,11136648.903513974
Europe,Spain,member,2015.0,1907.7026713,114462160.278,252345867.89469928
Europe,Sweden,member,2015.0,497.9299982,29875799.891999997,65864864.28776698
Asia & Oceania,Japan,member,2015.0,116.6093003,6996558.018,15424770.0815688
Europe,Norway,member,2015.0,12.1972117,731832.702,1613414.93023881
Europe,Russian Federation,member,2015.0,864.3499822,51860998.932,114333931.43722588
Europe,Switzerland,member,2015.0,1640.9878945,98459273.67,217065542.06380206
Africa,Tunisia,member,2015.0,0.8171221,49027.325999999994,108086.75198841466
Europe,United Kingdom,member,2015.0,1301.724771,78103486.25999999,172188712.65414664
North America,United States of America,member,2015.0,2958.1793828,177490762.968,391300151.20866907
Europe,Austria,member,2016.0,307.6914777,18461488.662,40700615.53727249
Europe,Belgium,member,2016.0,4550.0453598,273002721.58800006,601867975.8395222
Europe,Bulgaria,member,2016.0,326.8140544,19608843.264,43230099.44812539
Europe,Croatia,member,2016.0,99.0814808,5944888.847999999,13106236.438684585
Europe,Cyprus,member,2016.0,3.6729326,220375.956,485845.81790942024
Europe,Czechia,member,2016.0,973.3446648,58400679.888000004,128751460.01250513
Europe,Denmark,member,2016.0,152.4568042,9147408.251999998,20166583.163656563
Europe,Estonia,member,2016.0,13.4802672,808816.032,1783134.1210621535
Europe,Finland,member,2016.0,241.5549169,14493295.013999999,31952246.05301021
Europe,France,member,2016.0,1297.6607693,77859646.158,171651137.24916327
Europe,Germany,member,2016.0,13313.3689797,798802138.7820001,1761057265.5409606
Europe,Greece,member,2016.0,197.4231152,11845386.912,26114607.950761117
Europe,Hungary,member,2016.0,354.8320335,21289922.01,46936243.68066823
Europe,Ireland,member,2016.0,84.8406358,5090438.148,11222495.09620902
Europe,Italy,member,2016.0,4192.8756913,251572541.478,554622515.9786962
Europe,Latvia,member,2016.0,120.2792542,7216755.251999999,15910221.884913996
Europe,Lithuania,member,2016.0,257.3916138,15443496.828000002,34047082.46747752
Europe,Luxembourg,member,2016.0,171.0033106,10260198.636,22619866.017600115
Europe,Malta,member,2016.0,0.9015834,54095.004,119259.06954746624
Europe,Netherlands,member,2016.0,2702.3006782,162138040.69200003,357453192.3720191
Europe,Poland,member,2016.0,1851.7801525,111106809.15,244948584.89366058
Europe,Portugal,member,2016.0,261.9647428,15717884.568,34652003.88623981
Europe,Romania,member,2016.0,61.2437462,3674624.772,8101160.899161599
Europe,Slovakia,member,2016.0,680.3184822,40819108.932,89990730.95524658
Europe,Slovenia,member,2016.0,130.2055807,7812334.842,17223250.122140147
Europe,Spain,member,2016.0,2125.0841861,127505051.16600001,281100520.20070535
Europe,Sweden,member,2016.0,551.5605991,33093635.946,72958978.44581993
Asia & Oceania,Japan,member,2016.0,110.8726887,6652361.322,14665946.25920117
Europe,Norway,member,2016.0,17.6035049,1056210.294,2328545.107583239
Europe,Russian Federation,member,2016.0,794.3551758,47661310.548,105075203.42113882
Europe,Switzerland,member,2016.0,1747.9076296,104874457.77600001,231208602.06722227
Africa,Tunisia,member,2016.0,0.1094253,6565.518,14474.489506963368
Europe,United Kingdom,member,2016.0,1568.285551,94097133.06,207448668.19530553
North America,United States of America,member,2016.0,3174.9637166,190497822.99600002,419975809.9901588
Europe,Austria,member,2017.0,308.2931411,18497588.466000002,40780201.98181524
Europe,Belgium,member,2017.0,4377.3242642,262639455.85199994,579020885.7616935
Europe,Bulgaria,member,2017.0,291.8707366,17512244.196,38607889.71386296
Europe,Croatia,member,2017.0,77.9684384,4678106.304,10313458.985217493
Europe,Cyprus,member,2017.0,1.6965126,101790.756,224410.20337281362
Europe,Czechia,member,2017.0,702.7941079,42167646.474,92963747.32675378
Europe,Denmark,member,2017.0,119.6739743,7180438.458000001,15830157.059308533
Europe,Estonia,member,2017.0,24.5256485,1471538.91,3244187.969918491
Europe,Finland,member,2017.0,297.9902161,17879412.966000002,39417358.29024181
Europe,France,member,2017.0,1514.3985785,90863914.71000001,200320641.879515
Europe,Germany,member,2017.0,13599.6999781,815981998.686,1798932373.3255327
Europe,Greece,member,2017.0,111.350958,6681057.4799999995,14729210.458288154
Europe,Hungary,member,2017.0,313.313674,18798820.44,41444304.80612017
Europe,Ireland,member,2017.0,136.6787016,8200722.096,18079497.44834675
Europe,Italy,member,2017.0,4417.1124337,265026746.02199998,584283959.6753957
Europe,Latvia,member,2017.0,111.4023678,6684142.068,14736010.81077204
Europe,Lithuania,member,2017.0,192.1041349,11526248.094,25411027.293087848
Europe,Luxembourg,member,2017.0,168.7664671,10125988.026,22323982.270701826
Europe,Malta,member,2017.0,0.37963,22777.8,50216.45315597493
Europe,Netherlands,member,2017.0,3103.6020774,186216124.644,410536280.9434017
Europe,Poland,member,2017.0,1758.323962,105499437.71999998,232586446.98996717
Europe,Portugal,member,2017.0,250.4148128,15024888.768,33124209.668712776
Europe,Romania,member,2017.0,51.2395188,3074371.128,6777828.1367513025
Europe,Slovakia,member,2017.0,570.5707707,34234246.242,75473593.70709655
Europe,Slovenia,member,2017.0,211.8749783,12712498.698,28026262.209849473
Europe,Spain,member,2017.0,2274.9666091,136497996.546,300926571.02251476
Europe,Sweden,member,2017.0,580.5817925,34834907.55,76797825.21478336
Asia & Oceania,Japan,member,2017.0,112.6107069,6756642.413999999,14895846.713655591
Europe,Norway,member,2017.0,19.4660515,1167963.0899999999,2574917.8496998274
Europe,Russian Federation,member,2017.0,955.5383097,57332298.582,126396082.41653588
Europe,Switzerland,member,2017.0,1861.1820353,111670922.118,246192241.10419232
Africa,Tunisia,member,2017.0,0.2386979,14321.874,31574.327407685345
Europe,United Kingdom,member,2017.0,1662.2088914,99732533.484,219872599.453239
North America,United States of America,member,2017.0,2929.6722184,175780333.104,387529298.8374068
Europe,Austria,member,2018.0,257.4135488,15444812.928,34049983.97131013
Europe,Belgium,member,2018.0,4377.3267477,262639604.86200002,579021214.2725105
Europe,Bulgaria,member,2018.0,311.5245159,18691470.954,41207639.7008406
Europe,Croatia,member,2018.0,85.5762211,5134573.266,11319796.375769837
Europe,Cyprus,member,2018.0,1.2149501,72897.006,160710.38849273516
Europe,Czechia,member,2018.0,745.5644342,44733866.052,98621293.06104696
Europe,Denmark,member,2018.0,128.4561954,7707371.724,16991846.057737436
Europe,Estonia,member,2018.0,20.6950076,1241700.456,2737480.9148590607
Europe,Finland,member,2018.0,178.5909506,10715457.036,23623538.98502735
Europe,France,member,2018.0,1648.7118051,98922708.306,218087240.54607648
Europe,Germany,member,2018.0,13769.768227,826186093.62,1821428551.852534
Europe,Greece,member,2018.0,100.795744,6047744.640000001,13332994.644516086
Europe,Hungary,member,2018.0,331.6335578,19898013.468000002,43867610.62142877
Europe,Ireland,member,2018.0,69.477058,4168623.4800000004,9190241.625983072
Europe,Italy,member,2018.0,4659.4247008,279565482.048,616336386.0114208
Europe,Latvia,member,2018.0,144.7737924,8686427.543999998,19150294.666563332
Europe,Lithuania,member,2018.0,179.7156878,10782941.268000001,23772316.249512725
Europe,Luxembourg,member,2018.0,177.6898884,10661393.304,23504348.858438514
Europe,Malta,member,2018.0,0.4043817,24262.902000000002,53490.54262092961
Europe,Netherlands,member,2018.0,3375.5802812,202534816.872,446512838.9882583
Europe,Poland,member,2018.0,1889.2677,113356062.00000001,249907338.6090312
Europe,Portugal,member,2018.0,266.7829802,16006978.811999999,35289347.59640884
Europe,Romania,member,2018.0,54.3790637,3262743.822,7193118.83928253
Europe,Slovakia,member,2018.0,611.9188511,36715131.066,80943008.51229131
Europe,Slovenia,member,2018.0,332.0674932,19924049.592,43925010.449384466
Europe,Spain,member,2018.0,2585.4033336,155124200.016,341990320.55165774
Europe,Sweden,member,2018.0,579.0364298,34742185.787999995,76593408.72074036
Asia & Oceania,Japan,member,2018.0,124.0694889,7444169.334,16411584.114618449
Europe,Norway,member,2018.0,9.1736828,550420.968,1213470.517593375
Europe,Russian Federation,member,2018.0,1054.0377889,63242267.33399999,139425333.22162166
Europe,Switzerland,member,2018.0,1945.574441,116734466.46,257355445.50730607
Africa,Tunisia,member,2018.0,0.1661725,9970.35,21980.85915776215
Europe,United Kingdom,member,2018.0,1888.9093372,113334560.232,249859935.32488856
North America,United States of America,member,2018.0,2902.3896509,174143379.05400002,383920432.9078479
Europe,Austria,member,2019.0,274.1619791,16449718.746,36265422.07050161
Europe,Belgium,member,2019.0,5013.5201877,300811211.26199996,663175201.2543046
Europe,Bulgaria,member,2019.0,361.8300649,21709803.894,47861924.780639626
Europe,Croatia,member,2019.0,85.9117545,5154705.27,11364179.847211411
Europe,Cyprus,member,2019.0,23.2603001,1395618.0059999998,3076811.0274887886
Europe,Czechia,member,2019.0,766.2201014,45973206.084,101353570.13175845
Europe,Denmark,member,2019.0,129.7925377,7787552.262,17168613.88564434
Europe,Estonia,member,2019.0,25.3390637,1520343.822,3351784.38297109
Europe,Finland,member,2019.0,167.551473,10053088.379999999,22163266.062005367
Europe,France,member,2019.0,1811.9315623,108715893.738,239677518.68943557
Europe,Germany,member,2019.0,13801.1106306,828066637.836,1825574442.1725166
Europe,Greece,member,2019.0,106.8041612,6408249.672,14127772.193354044
Europe,Hungary,member,2019.0,355.2445535,21314673.209999997,46990810.73610615
Europe,Ireland,member,2019.0,68.7418295,4124509.7699999996,9092987.54298334
Europe,Italy,member,2019.0,5438.0121142,326280726.852,719325871.4915799
Europe,Latvia,member,2019.0,121.2474958,7274849.748,16038298.325000571
Europe,Lithuania,member,2019.0,222.1839943,13331039.658,29389911.60280629
Europe,Luxembourg,member,2019.0,178.6462276,10718773.656000001,23630850.880507432
Europe,Malta,member,2019.0,0.2552333,15313.998,33761.586421765656
Europe,Netherlands,member,2019.0,3323.9372038,199436232.22800002,439681629.18637884
Europe,Poland,member,2019.0,1951.82807,117109684.2,258182659.02502954
Europe,Portugal,member,2019.0,288.5674381,17314046.286000002,38170938.11787358
Europe,Romania,member,2019.0,56.9236973,3415421.838,7529716.247215306
Europe,Slovakia,member,2019.0,546.5235979,32791415.874,72292697.23831159
Europe,Slovenia,member,2019.0,415.4892241,24929353.446,54959816.55514585
Europe,Spain,member,2019.0,2775.8279564,166549677.384,367179186.4225857
Europe,Sweden,member,2019.0,578.9060869,34734365.214,76576167.30638412
Asia & Oceania,Japan,member,2019.0,157.8228342,9469370.052,20876387.43130811
Europe,Norway,member,2019.0,15.2580558,915483.348,2018295.298927776
Europe,Russian Federation,member,2019.0,1096.5416371,65792498.225999996,145047629.93706557
Europe,Switzerland,member,2019.0,2113.8552257,126831313.54200003,279615182.9936435
Africa,Tunisia,member,2019.0,0.1487495,8924.970000000001,19676.190761332597
Europe,United Kingdom,member,2019.0,1780.1083265,106806499.59,235468025.15672675
North America,United States of America,member,2019.0,2842.4177615,170545065.69,375987509.86506826
